26-05-07 15:37:26 [INFO] THES ARE THE INSTANCES ARE IN STOPPED STATE i-0e0d07f48aa6df93a
26-05-07 15:37:26 [INFO] Instance i-0e0d07f48aa6df93a Getting Started
26-05-07 17:20:17 [INFO] THES ARE THE INSTANCES ARE IN STOPPED STATE i-0af990a2ea5404020	i-0dce4dad5088a73a2	i-0e0d07f48aa6df93a
26-05-07 17:20:18 [INFO] Instance i-0af990a2ea5404020	i-0dce4dad5088a73a2	i-0e0d07f48aa6df93a Getting Started
26-05-07 17:33:57 [INFO] THES ARE THE INSTANCES ARE IN STOPPED STATE i-0af990a2ea5404020	i-0dce4dad5088a73a2	i-0e0d07f48aa6df93a
26-05-07 17:33:59 [INFO] Instance i-0af990a2ea5404020	i-0dce4dad5088a73a2	i-0e0d07f48aa6df93a Getting Started
26-05-08 11:34:43 [INFO] THES ARE THE INSTANCES ARE IN STOPPED STATE i-0dce4dad5088a73a2
26-05-08 11:34:45 [INFO] Instance i-0dce4dad5088a73a2 Getting Started
26-05-08 11:37:23 [INFO] THES ARE THE INSTANCES ARE IN STOPPED STATE i-0dce4dad5088a73a2
26-05-08 11:37:23 [INFO] Instance i-0dce4dad5088a73a2 Getting Started
26-05-08 11:38:02 [INFO] THES ARE THE INSTANCES ARE IN STOPPED STATE i-0dce4dad5088a73a2
26-05-08 11:38:02 [INFO] Instance i-0dce4dad5088a73a2 Getting Started
26-05-08 11:38:24 [INFO] THES ARE THE INSTANCES ARE IN STOPPED STATE i-0dce4dad5088a73a2
26-05-08 11:38:24 [INFO] Instance i-0dce4dad5088a73a2 Getting Started
26-05-08 11:42:42 [INFO] THES ARE THE INSTANCES ARE IN STOPPED STATE i-0dce4dad5088a73a2
26-05-08 11:42:42 [INFO] Instance i-0dce4dad5088a73a2 Getting Started
26-05-08 11:50:54 [INFO] THES ARE THE INSTANCES ARE IN STOPPED STATE i-0dce4dad5088a73a2
26-05-08 11:50:54 [INFO] Instance i-0dce4dad5088a73a2 Getting Started
26-05-08 11:51:07 [INFO] THES ARE THE INSTANCES ARE IN STOPPED STATE i-0dce4dad5088a73a2
26-05-08 11:51:07 [INFO] Instance i-0dce4dad5088a73a2 Getting Started
26-05-08 11:51:19 [INFO] THES ARE THE INSTANCES ARE IN STOPPED STATE i-0dce4dad5088a73a2
26-05-08 11:51:19 [INFO] Instance i-0dce4dad5088a73a2 Getting Started
26-05-08 11:51:31 [INFO] THES ARE THE INSTANCES ARE IN STOPPED STATE i-0dce4dad5088a73a2
26-05-08 11:51:31 [INFO] Instance i-0dce4dad5088a73a2 Getting Started
26-05-08 11:51:43 [INFO] THES ARE THE INSTANCES ARE IN STOPPED STATE i-0dce4dad5088a73a2
26-05-08 11:51:43 [INFO] Instance i-0dce4dad5088a73a2 Getting Started
26-05-08 11:51:55 [INFO] THES ARE THE INSTANCES ARE IN STOPPED STATE i-0dce4dad5088a73a2
26-05-08 11:51:55 [INFO] Instance i-0dce4dad5088a73a2 Getting Started
26-05-08 11:52:07 [INFO] THES ARE THE INSTANCES ARE IN STOPPED STATE i-0dce4dad5088a73a2
26-05-08 11:52:07 [INFO] Instance i-0dce4dad5088a73a2 Getting Started
26-05-08 11:54:31 [INFO] THES ARE THE INSTANCES ARE IN STOPPED STATE i-0dce4dad5088a73a2
26-05-08 11:54:31 [INFO] Instance i-0dce4dad5088a73a2 Getting Started
26-05-08 11:54:43 [INFO] THES ARE THE INSTANCES ARE IN STOPPED STATE i-0dce4dad5088a73a2
26-05-08 11:54:43 [INFO] Instance i-0dce4dad5088a73a2 Getting Started
26-05-08 11:54:47 [INFO] THES ARE THE INSTANCES ARE IN STOPPED STATE i-0dce4dad5088a73a2
26-05-08 11:54:47 [INFO] Instance i-0dce4dad5088a73a2 Getting Started
26-05-08 11:55:07 [INFO] THES ARE THE INSTANCES ARE IN STOPPED STATE i-0dce4dad5088a73a2
26-05-08 11:55:07 [INFO] Instance i-0dce4dad5088a73a2 Getting Started
26-05-08 11:55:11 [INFO] THES ARE THE INSTANCES ARE IN STOPPED STATE i-0dce4dad5088a73a2
26-05-08 11:55:11 [INFO] Instance i-0dce4dad5088a73a2 Getting Started
26-05-08 11:55:23 [INFO] THES ARE THE INSTANCES ARE IN STOPPED STATE i-0dce4dad5088a73a2
26-05-08 11:55:24 [INFO] Instance i-0dce4dad5088a73a2 Getting Started
26-05-08 11:56:16 [INFO] THES ARE THE INSTANCES ARE IN STOPPED STATE i-0dce4dad5088a73a2
26-05-08 11:56:16 [INFO] Instance i-0dce4dad5088a73a2 Getting Started
26-05-08 11:56:28 [INFO] THES ARE THE INSTANCES ARE IN STOPPED STATE i-0dce4dad5088a73a2
26-05-08 11:56:28 [INFO] Instance i-0dce4dad5088a73a2 Getting Started
26-05-08 11:56:30 [ERROR] Script stoped at 
26-05-08 11:56:32 [INFO] THES ARE THE INSTANCES ARE IN STOPPED STATE i-0dce4dad5088a73a2
26-05-08 11:56:32 [INFO] Instance i-0dce4dad5088a73a2 Getting Started
26-05-08 11:56:44 [INFO] THES ARE THE INSTANCES ARE IN STOPPED STATE i-0dce4dad5088a73a2
26-05-08 11:56:44 [INFO] Instance i-0dce4dad5088a73a2 Getting Started
26-05-08 11:58:05 [INFO] THES ARE THE INSTANCES ARE IN STOPPED STATE i-0dce4dad5088a73a2
26-05-08 11:58:05 [INFO] Instance i-0dce4dad5088a73a2 Getting Started
26-05-08 11:58:17 [INFO] THES ARE THE INSTANCES ARE IN STOPPED STATE i-0dce4dad5088a73a2
26-05-08 11:58:17 [INFO] Instance i-0dce4dad5088a73a2 Getting Started
26-05-08 11:58:18 [ERROR] Interupt by the user 
26-05-08 12:00:09 [INFO] THES ARE THE INSTANCES ARE IN STOPPED STATE i-0dce4dad5088a73a2
26-05-08 12:00:11 [INFO] Instance i-0dce4dad5088a73a2 Getting Started
26-05-08 12:00:23 [INFO] This are  the health running instances  i-0dce4dad5088a73a2
26-05-08 12:00:35 [INFO] This are  the health running instances  i-0dce4dad5088a73a2
26-05-08 12:00:48 [INFO] This are  the health running instances  i-0dce4dad5088a73a2
26-05-08 12:01:00 [INFO] This are  the health running instances  i-0dce4dad5088a73a2
26-05-08 12:01:12 [INFO] This are  the health running instances  i-0dce4dad5088a73a2
26-05-08 12:01:24 [INFO] This are  the health running instances  
26-05-08 12:01:36 [INFO] THES ARE THE INSTANCES ARE IN STOPPED STATE i-0dce4dad5088a73a2
26-05-08 12:01:38 [INFO] Instance i-0dce4dad5088a73a2 Getting Started
26-05-08 12:01:50 [INFO] This are  the health running instances  i-0dce4dad5088a73a2
26-05-08 12:02:02 [INFO] This are  the health running instances  
26-05-08 12:02:14 [INFO] THES ARE THE INSTANCES ARE IN STOPPED STATE i-0dce4dad5088a73a2
26-05-08 12:02:16 [INFO] Instance i-0dce4dad5088a73a2 Getting Started
26-05-08 12:02:21 [ERROR] Interupt by the user 
26-05-08 12:48:05 [ERROR] Interupt by the user 
26-05-08 12:48:39 [ERROR] Interupt by the user 
26-05-08 12:49:53 [ERROR] Interupt by the user 
26-05-08 12:50:33 [INFO] Instance i-0dce4dad5088a73a2 is stopped
26-05-08 12:50:34 [INFO] Instance  Getting Started
26-05-08 12:50:45 [INFO] Instance i-0dce4dad5088a73a2 is stopped
26-05-08 12:50:45 [ERROR] Interupt by the user 
26-05-08 12:51:41 [INFO] Instance i-0dce4dad5088a73a2 is stopped
26-05-08 12:51:42 [INFO] Instance  Getting Started
26-05-08 12:51:53 [INFO] Instance i-0dce4dad5088a73a2 is stopped
26-05-08 12:51:55 [INFO] Instance  Getting Started
26-05-08 12:52:00 [ERROR] Interupt by the user 
26-05-08 12:52:32 [INFO] Instance i-0dce4dad5088a73a2 is stopped
26-05-08 12:52:33 [INFO] Instance i-0dce4dad5088a73a2 Getting Started
26-05-08 12:52:44 [INFO] Instance i-0dce4dad5088a73a2 is healthy
26-05-08 12:52:56 [INFO] Instance i-0dce4dad5088a73a2 is healthy
26-05-08 12:53:07 [INFO] Instance i-0dce4dad5088a73a2 is healthy
26-05-08 12:53:18 [INFO] Instance i-0dce4dad5088a73a2 is healthy
26-05-08 12:53:29 [INFO] Instance i-0dce4dad5088a73a2 is currenly stopping
26-05-08 12:53:50 [INFO] Instance i-0dce4dad5088a73a2 is stopped
26-05-08 12:53:52 [INFO] Instance i-0dce4dad5088a73a2 Getting Started
26-05-08 12:54:03 [INFO] Instance i-0dce4dad5088a73a2 is healthy
26-05-08 12:54:14 [INFO] Instance i-0dce4dad5088a73a2 is healthy
26-05-08 12:54:25 [INFO] Instance i-0dce4dad5088a73a2 is healthy
26-05-08 12:54:36 [INFO] Instance i-0dce4dad5088a73a2 is healthy
26-05-08 12:54:48 [INFO] Instance i-0dce4dad5088a73a2 is healthy
26-05-08 12:54:48 [INFO] Instance i-0f45b2f6566fa75de is starting
26-05-08 12:54:48 [INFO] Instance i-07781ab203d0d0072 is starting
26-05-08 12:54:59 [INFO] Instance i-0dce4dad5088a73a2 is healthy
26-05-08 12:54:59 [INFO] Instance i-0f45b2f6566fa75de is healthy
26-05-08 12:54:59 [INFO] Instance i-07781ab203d0d0072 is healthy
26-05-08 12:55:10 [INFO] Instance i-0dce4dad5088a73a2 is healthy
26-05-08 12:55:10 [INFO] Instance i-0f45b2f6566fa75de is healthy
26-05-08 12:55:10 [INFO] Instance i-07781ab203d0d0072 is healthy
26-05-08 12:55:21 [INFO] Instance i-0dce4dad5088a73a2 is healthy
26-05-08 12:55:21 [INFO] Instance i-0f45b2f6566fa75de is healthy
26-05-08 12:55:21 [INFO] Instance i-07781ab203d0d0072 is currenly stopping
26-05-08 12:55:43 [INFO] Instance i-0dce4dad5088a73a2 is healthy
26-05-08 12:55:43 [INFO] Instance i-0f45b2f6566fa75de is healthy
26-05-08 12:55:43 [INFO] Instance i-07781ab203d0d0072 is stopped
26-05-08 12:55:44 [INFO] Instance i-07781ab203d0d0072 Getting Started
26-05-08 12:55:55 [INFO] Instance i-0dce4dad5088a73a2 is healthy
26-05-08 12:55:56 [INFO] Instance i-0f45b2f6566fa75de is healthy
26-05-08 12:55:56 [INFO] Instance i-07781ab203d0d0072 is healthy
26-05-08 12:56:07 [INFO] Instance i-0dce4dad5088a73a2 is healthy
26-05-08 12:56:07 [INFO] Instance i-0f45b2f6566fa75de is healthy
26-05-08 12:56:07 [INFO] Instance i-07781ab203d0d0072 is healthy
26-05-08 12:56:18 [INFO] Instance i-0dce4dad5088a73a2 is healthy
26-05-08 12:56:18 [INFO] Instance i-0f45b2f6566fa75de is healthy
26-05-08 12:56:29 [INFO] Instance i-0dce4dad5088a73a2 is healthy
26-05-08 12:56:29 [INFO] Instance i-0f45b2f6566fa75de is healthy
26-05-08 12:56:41 [INFO] Instance i-0dce4dad5088a73a2 is healthy
26-05-08 12:56:41 [INFO] Instance i-0f45b2f6566fa75de is healthy
26-05-08 12:56:41 [ERROR] Instance i-07781ab203d0d0072 is terminated
26-05-08 14:33:40 [INFO] Instance i-0dce4dad5088a73a2 is healthy
26-05-08 14:33:40 [INFO] Instance i-0f45b2f6566fa75de is healthy
26-05-08 14:33:51 [INFO] Instance i-0dce4dad5088a73a2 is healthy
26-05-08 14:33:51 [INFO] Instance i-0f45b2f6566fa75de is healthy
26-05-08 14:34:02 [INFO] Instance i-0dce4dad5088a73a2 is healthy
26-05-08 14:34:02 [INFO] Instance i-0f45b2f6566fa75de is healthy
26-05-08 14:34:13 [INFO] Instance i-0dce4dad5088a73a2 is healthy
26-05-08 14:34:14 [INFO] Instance i-0f45b2f6566fa75de is healthy
26-05-08 14:34:14 [INFO] Instance i-05dcabe2823ff9637 is healthy
26-05-08 14:34:14 [INFO] Instance i-01ccd399ac001484c is healthy
26-05-08 14:34:25 [INFO] Instance i-0dce4dad5088a73a2 is healthy
26-05-08 14:34:25 [INFO] Instance i-0f45b2f6566fa75de is healthy
26-05-08 14:34:25 [INFO] Instance i-05dcabe2823ff9637 is healthy
26-05-08 14:34:25 [INFO] Instance i-01ccd399ac001484c is healthy
26-05-08 14:34:36 [INFO] Instance i-0dce4dad5088a73a2 is healthy
26-05-08 14:34:36 [INFO] Instance i-0f45b2f6566fa75de is healthy
26-05-08 14:34:36 [INFO] Instance i-05dcabe2823ff9637 is healthy
26-05-08 14:34:36 [INFO] Instance i-01ccd399ac001484c is healthy
26-05-08 14:34:47 [INFO] Instance i-0dce4dad5088a73a2 is healthy
26-05-08 14:34:47 [INFO] Instance i-0f45b2f6566fa75de is healthy
26-05-08 14:34:47 [INFO] Instance i-05dcabe2823ff9637 is healthy
26-05-08 14:34:47 [INFO] Instance i-01ccd399ac001484c is healthy
26-05-08 14:34:58 [INFO] Instance i-0dce4dad5088a73a2 is healthy
26-05-08 14:34:58 [INFO] Instance i-0f45b2f6566fa75de is healthy
26-05-08 14:34:58 [INFO] Instance i-05dcabe2823ff9637 is healthy
26-05-08 14:34:58 [INFO] Instance i-01ccd399ac001484c is healthy
26-05-08 14:35:09 [INFO] Instance i-0dce4dad5088a73a2 is healthy
26-05-08 14:35:09 [INFO] Instance i-0f45b2f6566fa75de is healthy
26-05-08 14:35:09 [INFO] Instance i-05dcabe2823ff9637 is currenly stopping
26-05-08 14:35:19 [INFO] Instance i-01ccd399ac001484c is currenly stopping
26-05-08 14:35:41 [INFO] Instance i-0dce4dad5088a73a2 is healthy
26-05-08 14:35:41 [INFO] Instance i-0f45b2f6566fa75de is healthy
26-05-08 14:35:41 [INFO] Instance i-05dcabe2823ff9637 is stopped
26-05-08 14:35:42 [INFO] Instance i-05dcabe2823ff9637 Getting Started
26-05-08 14:35:42 [INFO] Instance i-01ccd399ac001484c is stopped
26-05-08 14:35:44 [INFO] Instance i-01ccd399ac001484c Getting Started
26-05-08 14:35:55 [INFO] Instance i-0dce4dad5088a73a2 is healthy
26-05-08 14:35:55 [INFO] Instance i-0f45b2f6566fa75de is healthy
26-05-08 14:35:55 [INFO] Instance i-05dcabe2823ff9637 is healthy
26-05-08 14:35:55 [INFO] Instance i-01ccd399ac001484c is healthy
26-05-08 14:36:06 [INFO] Instance i-0dce4dad5088a73a2 is healthy
26-05-08 14:36:06 [INFO] Instance i-0f45b2f6566fa75de is healthy
26-05-08 14:36:06 [INFO] Instance i-05dcabe2823ff9637 is healthy
26-05-08 14:36:06 [INFO] Instance i-01ccd399ac001484c is healthy
26-05-08 14:36:17 [INFO] Instance i-0dce4dad5088a73a2 is healthy
26-05-08 14:36:17 [INFO] Instance i-0f45b2f6566fa75de is healthy
26-05-08 14:36:17 [INFO] Instance i-05dcabe2823ff9637 is healthy
26-05-08 14:36:17 [INFO] Instance i-01ccd399ac001484c is healthy
26-05-08 14:36:28 [INFO] Instance i-0dce4dad5088a73a2 is currenly stopping
26-05-08 14:36:38 [INFO] Instance i-0f45b2f6566fa75de is currenly stopping
26-05-08 14:36:48 [INFO] Instance i-05dcabe2823ff9637 is currenly stopping
26-05-08 14:36:58 [INFO] Instance i-01ccd399ac001484c is currenly stopping
26-05-08 14:37:20 [INFO] Instance i-0dce4dad5088a73a2 is stopped
26-05-08 14:37:22 [INFO] Instance i-0dce4dad5088a73a2 Getting Started
26-05-08 14:37:22 [INFO] Instance i-0f45b2f6566fa75de is stopped
26-05-08 14:37:23 [INFO] Instance i-0f45b2f6566fa75de Getting Started
26-05-08 14:37:23 [INFO] Instance i-05dcabe2823ff9637 is stopped
26-05-08 14:37:25 [INFO] Instance i-05dcabe2823ff9637 Getting Started
26-05-08 14:37:25 [INFO] Instance i-01ccd399ac001484c is stopped
26-05-08 14:37:26 [INFO] Instance i-01ccd399ac001484c Getting Started
26-05-08 14:37:38 [INFO] Instance i-0dce4dad5088a73a2 is healthy
26-05-08 14:37:38 [INFO] Instance i-0f45b2f6566fa75de is healthy
26-05-08 14:37:38 [INFO] Instance i-05dcabe2823ff9637 is healthy
26-05-08 14:37:38 [INFO] Instance i-01ccd399ac001484c is healthy
26-05-08 14:37:49 [INFO] Instance i-0dce4dad5088a73a2 is healthy
26-05-08 14:37:49 [INFO] Instance i-0f45b2f6566fa75de is healthy
26-05-08 14:37:49 [INFO] Instance i-05dcabe2823ff9637 is healthy
26-05-08 14:37:49 [INFO] Instance i-01ccd399ac001484c is healthy
26-05-08 14:37:53 [ERROR] Interupt by the user 
26-05-08 14:37:54 [INFO] Instance i-0dce4dad5088a73a2 is healthy
26-05-08 14:37:54 [INFO] Instance i-0f45b2f6566fa75de is healthy
26-05-08 14:37:54 [INFO] Instance i-05dcabe2823ff9637 is healthy
26-05-08 14:37:54 [INFO] Instance i-01ccd399ac001484c is healthy
26-05-08 14:38:00 [ERROR] Interupt by the user 
26-05-08 14:38:02 [INFO] Instance i-0dce4dad5088a73a2 is healthy
26-05-08 14:38:02 [INFO] Instance i-0f45b2f6566fa75de is healthy
26-05-08 14:38:02 [INFO] Instance i-05dcabe2823ff9637 is healthy
26-05-08 14:38:02 [INFO] Instance i-01ccd399ac001484c is healthy
26-05-08 14:38:13 [INFO] Instance i-0dce4dad5088a73a2 is healthy
26-05-08 14:38:13 [INFO] Instance i-0f45b2f6566fa75de is healthy
26-05-08 14:38:13 [INFO] Instance i-05dcabe2823ff9637 is healthy
26-05-08 14:38:13 [INFO] Instance i-01ccd399ac001484c is healthy
26-05-08 14:39:00 [INFO] Instance i-0dce4dad5088a73a2 is healthy
26-05-08 14:39:00 [INFO] Instance i-0f45b2f6566fa75de is healthy
26-05-08 14:39:00 [INFO] Instance i-05dcabe2823ff9637 is healthy
26-05-08 14:39:00 [INFO] Instance i-01ccd399ac001484c is healthy
26-05-08 14:39:04 [ERROR] Interupt by the user 
26-05-08 14:46:09 [INFO] Instance i-0dce4dad5088a73a2 is healthy
26-05-08 14:46:09 [INFO] Instance i-0f45b2f6566fa75de is healthy
26-05-08 14:46:09 [INFO] Instance i-05dcabe2823ff9637 is healthy
26-05-08 14:46:09 [INFO] Instance i-01ccd399ac001484c is healthy
26-05-08 14:46:20 [INFO] Instance i-0dce4dad5088a73a2 is healthy
26-05-08 14:46:20 [INFO] Instance i-0f45b2f6566fa75de is healthy
26-05-08 14:46:20 [INFO] Instance i-05dcabe2823ff9637 is healthy
26-05-08 14:46:20 [INFO] Instance i-01ccd399ac001484c is healthy
26-05-08 14:46:32 [INFO] Instance i-0dce4dad5088a73a2 is healthy
26-05-08 14:46:32 [INFO] Instance i-0f45b2f6566fa75de is healthy
26-05-08 14:46:32 [INFO] Instance i-05dcabe2823ff9637 is healthy
26-05-08 14:46:32 [INFO] Instance i-01ccd399ac001484c is healthy
26-05-08 14:46:43 [INFO] Instance i-0dce4dad5088a73a2 is healthy
26-05-08 14:46:43 [INFO] Instance i-0f45b2f6566fa75de is healthy
26-05-08 14:46:43 [INFO] Instance i-05dcabe2823ff9637 is healthy
26-05-08 14:46:43 [INFO] Instance i-01ccd399ac001484c is healthy
26-05-08 14:46:46 [ERROR] Interupt by the user 
26-05-08 15:12:13 [INFO] Instance i-0dce4dad5088a73a2 is stopped
26-05-08 15:12:14 [INFO] Instance i-0dce4dad5088a73a2 Getting Started
26-05-08 15:12:14 [INFO] Instance i-0f45b2f6566fa75de is stopped
26-05-08 15:12:16 [INFO] Instance i-0f45b2f6566fa75de Getting Started
26-05-08 15:12:16 [INFO] Instance i-05dcabe2823ff9637 is stopped
26-05-08 15:12:17 [INFO] Instance i-05dcabe2823ff9637 Getting Started
26-05-08 15:12:17 [INFO] Instance i-01ccd399ac001484c is stopped
26-05-08 15:12:19 [INFO] Instance i-01ccd399ac001484c Getting Started
26-05-08 15:12:20 [ERROR] Interupt by the user 
26-05-08 15:13:01 [INFO] Instance i-0dce4dad5088a73a2 is healthy
26-05-08 15:13:01 [INFO] Instance i-0f45b2f6566fa75de is healthy
26-05-08 15:13:01 [INFO] Instance i-05dcabe2823ff9637 is healthy
26-05-08 15:13:01 [INFO] Instance i-01ccd399ac001484c is healthy
26-05-08 15:13:13 [INFO] Instance i-0dce4dad5088a73a2 is healthy
26-05-08 15:13:13 [INFO] Instance i-0f45b2f6566fa75de is healthy
26-05-08 15:13:13 [INFO] Instance i-05dcabe2823ff9637 is healthy
26-05-08 15:13:13 [INFO] Instance i-01ccd399ac001484c is healthy
26-05-08 15:13:15 [ERROR] Interupt by the user 
26-05-08 15:13:25 [INFO] Instance i-0dce4dad5088a73a2 is healthy
26-05-08 15:13:25 [INFO] Instance i-0f45b2f6566fa75de is healthy
26-05-08 15:13:25 [INFO] Instance i-05dcabe2823ff9637 is healthy
26-05-08 15:13:25 [INFO] Instance i-01ccd399ac001484c is healthy
26-05-08 15:13:26 [ERROR] Interupt by the user 
26-05-08 15:15:36 [ERROR] Interupt by the user 
26-05-08 15:15:49 [INFO] Instance i-0dce4dad5088a73a2 is healthy
26-05-08 15:15:49 [INFO] Instance i-0f45b2f6566fa75de is healthy
26-05-08 15:15:49 [INFO] Instance i-05dcabe2823ff9637 is healthy
26-05-08 15:15:49 [INFO] Instance i-01ccd399ac001484c is healthy
26-05-08 15:16:01 [INFO] Instance i-0dce4dad5088a73a2 is healthy
26-05-08 15:16:01 [INFO] Instance i-0f45b2f6566fa75de is healthy
26-05-08 15:16:01 [INFO] Instance i-05dcabe2823ff9637 is healthy
26-05-08 15:16:01 [INFO] Instance i-01ccd399ac001484c is healthy
26-05-08 15:16:02 [ERROR] Interupt by the user 
26-05-08 15:16:12 [INFO] Instance i-0dce4dad5088a73a2 is healthy
26-05-08 15:16:12 [INFO] Instance i-0f45b2f6566fa75de is healthy
26-05-08 15:16:12 [INFO] Instance i-05dcabe2823ff9637 is healthy
26-05-08 15:16:12 [INFO] Instance i-01ccd399ac001484c is healthy
26-05-08 15:16:16 [ERROR] Interupt by the user 
26-05-08 15:20:52 [INFO] Instance i-0dce4dad5088a73a2 is healthy
26-05-08 15:20:52 [INFO] Instance i-0f45b2f6566fa75de is healthy
26-05-08 15:20:52 [INFO] Instance i-05dcabe2823ff9637 is healthy
26-05-08 15:20:52 [INFO] Instance i-01ccd399ac001484c is healthy
26-05-08 15:20:54 [ERROR] Interupt by the user 
26-05-08 15:21:01 [INFO] Instance i-0dce4dad5088a73a2 is healthy
26-05-08 15:21:01 [INFO] Instance i-0f45b2f6566fa75de is healthy
26-05-08 15:21:01 [INFO] Instance i-05dcabe2823ff9637 is healthy
26-05-08 15:21:01 [INFO] Instance i-01ccd399ac001484c is healthy
26-05-08 15:21:06 [ERROR] Interupt by the user 
26-05-08 15:23:32 [INFO] Instance i-0dce4dad5088a73a2 is healthy
26-05-08 15:23:32 [INFO] Instance i-0f45b2f6566fa75de is healthy
26-05-08 15:23:32 [INFO] Instance i-05dcabe2823ff9637 is healthy
26-05-08 15:23:32 [INFO] Instance i-01ccd399ac001484c is healthy
26-05-08 15:23:43 [INFO] Instance i-0dce4dad5088a73a2 is currenly stopping
26-05-08 15:23:43 [INFO] Instance i-0f45b2f6566fa75de is currenly stopping
26-05-08 15:23:43 [INFO] Instance i-05dcabe2823ff9637 is currenly stopping
26-05-08 15:23:43 [INFO] Instance i-01ccd399ac001484c is currenly stopping
26-05-08 15:23:54 [INFO] Instance i-0dce4dad5088a73a2 is currenly stopping
26-05-08 15:23:54 [INFO] Instance i-0f45b2f6566fa75de is currenly stopping
26-05-08 15:23:54 [INFO] Instance i-05dcabe2823ff9637 is currenly stopping
26-05-08 15:23:54 [INFO] Instance i-01ccd399ac001484c is currenly stopping
26-05-08 15:24:05 [INFO] Instance i-0dce4dad5088a73a2 is stopped
26-05-08 15:24:07 [INFO] Instance i-0dce4dad5088a73a2 Getting Started
26-05-08 15:24:07 [INFO] Instance i-0f45b2f6566fa75de is stopped
26-05-08 15:24:08 [INFO] Instance i-0f45b2f6566fa75de Getting Started
26-05-08 15:24:08 [INFO] Instance i-05dcabe2823ff9637 is stopped
26-05-08 15:24:10 [INFO] Instance i-05dcabe2823ff9637 Getting Started
26-05-08 15:24:10 [INFO] Instance i-01ccd399ac001484c is stopped
26-05-08 15:24:12 [INFO] Instance i-01ccd399ac001484c Getting Started
26-05-08 15:24:23 [INFO] Instance i-0dce4dad5088a73a2 is healthy
26-05-08 15:24:23 [INFO] Instance i-0f45b2f6566fa75de is healthy
26-05-08 15:24:23 [INFO] Instance i-05dcabe2823ff9637 is healthy
26-05-08 15:24:23 [INFO] Instance i-01ccd399ac001484c is healthy
26-05-08 15:24:34 [INFO] Instance i-0dce4dad5088a73a2 is healthy
26-05-08 15:24:34 [INFO] Instance i-0f45b2f6566fa75de is healthy
26-05-08 15:24:34 [INFO] Instance i-05dcabe2823ff9637 is healthy
26-05-08 15:24:34 [INFO] Instance i-01ccd399ac001484c is healthy
26-05-08 15:24:36 [ERROR] Interupt by the user 
26-05-08 15:25:09 [INFO] Instance i-0dce4dad5088a73a2 is stopped
26-05-08 15:25:11 [ERROR] After 3 attempt the service couldnt started need intenal validation 
26-05-08 15:25:11 [INFO] Instance i-0dce4dad5088a73a2 Getting Started
26-05-08 15:25:11 [INFO] Instance i-0f45b2f6566fa75de is stopped
26-05-08 15:25:13 [ERROR] After 3 attempt the service couldnt started need intenal validation 
26-05-08 15:25:13 [INFO] Instance i-0f45b2f6566fa75de Getting Started
26-05-08 15:25:13 [INFO] Instance i-05dcabe2823ff9637 is stopped
26-05-08 15:25:15 [ERROR] After 3 attempt the service couldnt started need intenal validation 
26-05-08 15:25:15 [INFO] Instance i-05dcabe2823ff9637 Getting Started
26-05-08 15:25:15 [INFO] Instance i-01ccd399ac001484c is stopped
26-05-08 15:25:17 [ERROR] After 3 attempt the service couldnt started need intenal validation 
26-05-08 15:25:17 [INFO] Instance i-01ccd399ac001484c Getting Started
26-05-08 15:25:28 [INFO] Instance i-0dce4dad5088a73a2 is stopped
26-05-08 15:25:30 [ERROR] After 3 attempt the service couldnt started need intenal validation 
26-05-08 15:25:30 [INFO] Instance i-0dce4dad5088a73a2 Getting Started
26-05-08 15:25:30 [INFO] Instance i-0f45b2f6566fa75de is stopped
26-05-08 15:25:31 [ERROR] After 3 attempt the service couldnt started need intenal validation 
26-05-08 15:25:31 [INFO] Instance i-0f45b2f6566fa75de Getting Started
26-05-08 15:25:32 [INFO] Instance i-05dcabe2823ff9637 is stopped
26-05-08 15:25:33 [ERROR] After 3 attempt the service couldnt started need intenal validation 
26-05-08 15:25:33 [ERROR] Interupt by the user 
26-05-08 15:26:36 [INFO] Instance i-0dce4dad5088a73a2 is stopped
26-05-08 15:26:49 [ERROR] Interupt by the user 
26-05-08 15:28:01 [ERROR] Interupt by the user 
26-05-08 15:28:40 [INFO] Instance i-0dce4dad5088a73a2 is stopped
26-05-08 15:28:42 [INFO] Instance i-0dce4dad5088a73a2 Getting Started
26-05-08 15:28:42 [INFO] Instance i-0f45b2f6566fa75de is stopped
26-05-08 15:28:44 [INFO] Instance i-0f45b2f6566fa75de Getting Started
26-05-08 15:28:44 [INFO] Instance i-05dcabe2823ff9637 is stopped
26-05-08 15:28:45 [INFO] Instance i-05dcabe2823ff9637 Getting Started
26-05-08 15:28:45 [INFO] Instance i-01ccd399ac001484c is stopped
26-05-08 15:28:47 [INFO] Instance i-01ccd399ac001484c Getting Started
26-05-08 15:28:58 [INFO] Instance i-0dce4dad5088a73a2 is healthy
26-05-08 15:28:58 [INFO] Instance i-0f45b2f6566fa75de is healthy
26-05-08 15:28:58 [INFO] Instance i-05dcabe2823ff9637 is healthy
26-05-08 15:28:58 [INFO] Instance i-01ccd399ac001484c is healthy
26-05-08 15:29:03 [ERROR] Interupt by the user 
26-05-08 15:36:43 [INFO] Instance i-0dce4dad5088a73a2 is stopped
26-05-08 15:36:45 [INFO] Instance i-0dce4dad5088a73a2 Getting Started
26-05-08 15:36:45 [INFO] Instance i-0f45b2f6566fa75de is stopped
26-05-08 15:36:46 [INFO] Instance i-0f45b2f6566fa75de Getting Started
26-05-08 15:36:46 [INFO] Instance i-05dcabe2823ff9637 is stopped
26-05-08 15:36:48 [INFO] Instance i-05dcabe2823ff9637 Getting Started
26-05-08 15:36:48 [INFO] Instance i-01ccd399ac001484c is stopped
26-05-08 15:36:49 [INFO] Instance i-01ccd399ac001484c Getting Started
26-05-08 15:37:01 [INFO] Instance i-0dce4dad5088a73a2 is healthy
26-05-08 15:37:01 [INFO] Instance i-0f45b2f6566fa75de is healthy
26-05-08 15:37:01 [INFO] Instance i-05dcabe2823ff9637 is healthy
26-05-08 15:37:01 [INFO] Instance i-01ccd399ac001484c is healthy
26-05-08 15:37:09 [ERROR] Interupt by the user 
26-05-08 15:40:30 [INFO] Instance i-0dce4dad5088a73a2 is stopped
26-05-08 15:40:31 [INFO] Instance i-0dce4dad5088a73a2 Getting Started
26-05-08 15:40:31 [INFO] Instance i-0f45b2f6566fa75de is stopped
26-05-08 15:40:33 [INFO] Instance i-0f45b2f6566fa75de Getting Started
26-05-08 15:40:33 [INFO] Instance i-05dcabe2823ff9637 is stopped
26-05-08 15:40:34 [INFO] Instance i-05dcabe2823ff9637 Getting Started
26-05-08 15:40:34 [INFO] Instance i-01ccd399ac001484c is stopped
26-05-08 15:40:36 [INFO] Instance i-01ccd399ac001484c Getting Started
26-05-08 15:40:48 [INFO] Instance i-0dce4dad5088a73a2 is healthy
26-05-08 15:40:48 [INFO] Instance i-0f45b2f6566fa75de is healthy
26-05-08 15:40:48 [INFO] Instance i-05dcabe2823ff9637 is healthy
26-05-08 15:40:48 [INFO] Instance i-01ccd399ac001484c is healthy
26-05-08 15:40:49 [ERROR] Interupt by the user 
26-05-08 15:41:26 [INFO] Instance i-0dce4dad5088a73a2 is stopped
26-05-08 15:41:52 [ERROR] Interupt by the user 
26-05-08 15:42:38 [INFO] Instance i-0dce4dad5088a73a2 is stopped
26-05-08 15:42:50 [ERROR] Interupt by the user 
26-05-08 15:43:20 [INFO] Instance i-0dce4dad5088a73a2 is stopped
26-05-08 15:43:22 [INFO] Instance i-0dce4dad5088a73a2 Getting Started
26-05-08 15:43:22 [INFO] Instance i-0f45b2f6566fa75de is stopped
26-05-08 15:43:23 [ERROR] Interupt by the user 
26-05-09 13:23:57 [INFO] Instance i-0dce4dad5088a73a2 is stopped
26-05-09 13:24:10 [ERROR] Issue with starting this ec2 i-0dce4dad5088a73a2 ,need internal lookup
26-05-09 13:24:10 [INFO] Instance i-0f45b2f6566fa75de is stopped
26-05-09 13:24:18 [ERROR] Interupt by the user 
26-05-09 13:26:34 [INFO] Instance i-0dce4dad5088a73a2 is healthy
26-05-09 13:26:34 [INFO] Instance i-0f45b2f6566fa75de is healthy
26-05-09 13:26:34 [INFO] Instance i-05dcabe2823ff9637 is stopped
26-05-09 13:26:46 [ERROR] Issue with starting this ec2 i-05dcabe2823ff9637 ,need internal lookup
26-05-09 13:26:46 [INFO] Instance i-01ccd399ac001484c is stopped
26-05-09 13:26:59 [ERROR] Issue with starting this ec2 i-01ccd399ac001484c ,need internal lookup
26-05-09 13:26:59 [INFO] Instance i-0a4e1197d71a42532 is stopped
26-05-09 13:27:12 [ERROR] Issue with starting this ec2 i-0a4e1197d71a42532 ,need internal lookup
26-05-09 13:27:23 [INFO] Instance i-0dce4dad5088a73a2 is healthy
26-05-09 13:27:23 [INFO] Instance i-0f45b2f6566fa75de is healthy
26-05-09 13:27:23 [INFO] Instance i-05dcabe2823ff9637 is healthy
26-05-09 13:27:23 [INFO] Instance i-01ccd399ac001484c is healthy
26-05-09 13:27:23 [INFO] Instance i-0a4e1197d71a42532 is healthy
26-05-09 13:27:34 [INFO] Instance i-0dce4dad5088a73a2 is healthy
26-05-09 13:27:34 [INFO] Instance i-0f45b2f6566fa75de is healthy
26-05-09 13:27:34 [INFO] Instance i-05dcabe2823ff9637 is healthy
26-05-09 13:27:34 [INFO] Instance i-01ccd399ac001484c is healthy
26-05-09 13:27:34 [INFO] Instance i-0a4e1197d71a42532 is healthy
26-05-09 13:27:39 [ERROR] Interupt by the user 
26-05-09 13:32:09 [INFO] Instance i-0dce4dad5088a73a2 is healthy
26-05-09 13:32:09 [INFO] Instance i-0f45b2f6566fa75de is healthy
26-05-09 13:32:09 [INFO] Instance i-05dcabe2823ff9637 is healthy
26-05-09 13:32:09 [INFO] Instance i-01ccd399ac001484c is healthy
26-05-09 13:32:09 [INFO] Instance i-0a4e1197d71a42532 is healthy
26-05-09 13:32:12 [ERROR] Interupt by the user 
26-05-09 13:32:31 [INFO] Instance i-0dce4dad5088a73a2 is currenly stopping
26-05-09 13:32:31 [INFO] Instance i-0f45b2f6566fa75de is currenly stopping
26-05-09 13:32:31 [INFO] Instance i-05dcabe2823ff9637 is currenly stopping
26-05-09 13:32:31 [INFO] Instance i-01ccd399ac001484c is currenly stopping
26-05-09 13:32:31 [INFO] Instance i-0a4e1197d71a42532 is currenly stopping
26-05-09 13:32:42 [INFO] Instance i-0dce4dad5088a73a2 is currenly stopping
26-05-09 13:32:42 [INFO] Instance i-0f45b2f6566fa75de is stopped
26-05-09 13:32:55 [INFO] Instance i-0f45b2f6566fa75de Started
26-05-09 13:32:55 [INFO] Instance i-05dcabe2823ff9637 is stopped
26-05-09 13:33:08 [INFO] Instance i-05dcabe2823ff9637 Started
26-05-09 13:33:08 [INFO] Instance i-01ccd399ac001484c is stopped
26-05-09 13:33:21 [INFO] Instance i-01ccd399ac001484c Started
26-05-09 13:33:21 [INFO] Instance i-0a4e1197d71a42532 is stopped
26-05-09 13:33:33 [INFO] Instance i-0a4e1197d71a42532 Started
26-05-09 13:33:45 [INFO] Instance i-0dce4dad5088a73a2 is stopped
26-05-09 13:33:58 [INFO] Instance i-0dce4dad5088a73a2 Started
26-05-09 13:33:58 [INFO] Instance i-0f45b2f6566fa75de is healthy
26-05-09 13:33:58 [INFO] Instance i-05dcabe2823ff9637 is healthy
26-05-09 13:33:58 [INFO] Instance i-01ccd399ac001484c is healthy
26-05-09 13:33:58 [INFO] Instance i-0a4e1197d71a42532 is healthy
26-05-09 13:34:09 [INFO] Instance i-0dce4dad5088a73a2 is healthy
26-05-09 13:34:09 [INFO] Instance i-0f45b2f6566fa75de is healthy
26-05-09 13:34:09 [INFO] Instance i-05dcabe2823ff9637 is healthy
26-05-09 13:34:09 [INFO] Instance i-01ccd399ac001484c is healthy
26-05-09 13:34:09 [INFO] Instance i-0a4e1197d71a42532 is healthy
26-05-09 13:34:20 [INFO] Instance i-0dce4dad5088a73a2 is healthy
26-05-09 13:34:20 [INFO] Instance i-0f45b2f6566fa75de is healthy
26-05-09 13:34:20 [INFO] Instance i-05dcabe2823ff9637 is healthy
26-05-09 13:34:20 [INFO] Instance i-01ccd399ac001484c is healthy
26-05-09 13:34:20 [INFO] Instance i-0a4e1197d71a42532 is healthy
26-05-09 13:34:31 [INFO] Instance i-0dce4dad5088a73a2 is currenly stopping
26-05-09 13:34:31 [INFO] Instance i-0f45b2f6566fa75de is currenly stopping
26-05-09 13:34:31 [INFO] Instance i-05dcabe2823ff9637 is currenly stopping
26-05-09 13:34:31 [INFO] Instance i-01ccd399ac001484c is currenly stopping
26-05-09 13:34:31 [INFO] Instance i-0a4e1197d71a42532 is currenly stopping
26-05-09 13:34:43 [INFO] Instance i-0dce4dad5088a73a2 is currenly stopping
26-05-09 13:34:43 [INFO] Instance i-0f45b2f6566fa75de is stopped
26-05-09 13:34:55 [INFO] Instance i-0f45b2f6566fa75de Started
26-05-09 13:34:55 [INFO] Instance i-05dcabe2823ff9637 is currenly stopping
26-05-09 13:34:55 [INFO] Instance i-01ccd399ac001484c is stopped
26-05-09 13:35:08 [INFO] Instance i-01ccd399ac001484c Started
26-05-09 13:35:08 [INFO] Instance i-0a4e1197d71a42532 is stopped
26-05-09 13:35:21 [INFO] Instance i-0a4e1197d71a42532 Started
26-05-09 13:35:32 [INFO] Instance i-0dce4dad5088a73a2 is stopped
26-05-09 13:35:44 [INFO] Instance i-0dce4dad5088a73a2 Started
26-05-09 13:35:44 [INFO] Instance i-0f45b2f6566fa75de is healthy
26-05-09 13:35:44 [INFO] Instance i-05dcabe2823ff9637 is stopped
26-05-09 13:35:57 [INFO] Instance i-05dcabe2823ff9637 Started
26-05-09 13:35:57 [INFO] Instance i-01ccd399ac001484c is healthy
26-05-09 13:35:57 [INFO] Instance i-0a4e1197d71a42532 is healthy
26-05-09 13:36:08 [INFO] Instance i-0dce4dad5088a73a2 is healthy
26-05-09 13:36:08 [INFO] Instance i-0f45b2f6566fa75de is healthy
26-05-09 13:36:08 [INFO] Instance i-05dcabe2823ff9637 is healthy
26-05-09 13:36:08 [INFO] Instance i-01ccd399ac001484c is healthy
26-05-09 13:36:08 [INFO] Instance i-0a4e1197d71a42532 is healthy
26-05-09 13:36:17 [ERROR] Interupt by the user 
26-05-09 13:38:31 [INFO] Instance i-0dce4dad5088a73a2 is healthy
26-05-09 13:38:31 [INFO] Instance i-0f45b2f6566fa75de is healthy
26-05-09 13:38:31 [INFO] Instance i-05dcabe2823ff9637 is healthy
26-05-09 13:38:31 [INFO] Instance i-01ccd399ac001484c is healthy
26-05-09 13:38:31 [INFO] Instance i-0a4e1197d71a42532 is healthy
26-05-09 13:38:42 [INFO] Instance i-0dce4dad5088a73a2 is healthy
26-05-09 13:38:42 [INFO] Instance i-0f45b2f6566fa75de is healthy
26-05-09 13:38:42 [INFO] Instance i-05dcabe2823ff9637 is healthy
26-05-09 13:38:42 [INFO] Instance i-01ccd399ac001484c is healthy
26-05-09 13:38:42 [INFO] Instance i-0a4e1197d71a42532 is healthy
26-05-09 13:38:54 [INFO] Instance i-0dce4dad5088a73a2 is healthy
26-05-09 13:38:54 [INFO] Instance i-0f45b2f6566fa75de is healthy
26-05-09 13:38:54 [INFO] Instance i-05dcabe2823ff9637 is healthy
26-05-09 13:38:54 [INFO] Instance i-01ccd399ac001484c is healthy
26-05-09 13:38:54 [INFO] Instance i-0a4e1197d71a42532 is healthy
26-05-09 13:39:05 [INFO] Instance i-0dce4dad5088a73a2 is healthy
26-05-09 13:39:05 [INFO] Instance i-0f45b2f6566fa75de is healthy
26-05-09 13:39:05 [INFO] Instance i-05dcabe2823ff9637 is healthy
26-05-09 13:39:05 [INFO] Instance i-01ccd399ac001484c is healthy
26-05-09 13:39:05 [INFO] Instance i-0a4e1197d71a42532 is healthy
26-05-09 13:39:16 [INFO] Instance i-0dce4dad5088a73a2 is healthy
26-05-09 13:39:16 [INFO] Instance i-0f45b2f6566fa75de is healthy
26-05-09 13:39:16 [INFO] Instance i-05dcabe2823ff9637 is healthy
26-05-09 13:39:16 [INFO] Instance i-01ccd399ac001484c is healthy
26-05-09 13:39:16 [INFO] Instance i-0a4e1197d71a42532 is healthy
26-05-09 13:39:27 [INFO] Instance i-0dce4dad5088a73a2 is healthy
26-05-09 13:39:27 [INFO] Instance i-0f45b2f6566fa75de is healthy
26-05-09 13:39:27 [ERROR] Instance i-05dcabe2823ff9637 is terminating
26-05-09 13:39:27 [INFO] Instance i-01ccd399ac001484c is healthy
26-05-09 13:39:27 [INFO] Instance i-0a4e1197d71a42532 is healthy
26-05-09 13:39:39 [INFO] Instance i-0dce4dad5088a73a2 is healthy
26-05-09 13:39:39 [INFO] Instance i-0f45b2f6566fa75de is healthy
26-05-09 13:39:39 [ERROR] Instance i-05dcabe2823ff9637 is terminating
26-05-09 13:39:39 [INFO] Instance i-01ccd399ac001484c is healthy
26-05-09 13:39:39 [INFO] Instance i-0a4e1197d71a42532 is healthy
26-05-09 13:39:50 [INFO] Instance i-0dce4dad5088a73a2 is healthy
26-05-09 13:39:50 [INFO] Instance i-0f45b2f6566fa75de is healthy
26-05-09 13:39:50 [ERROR] Instance i-05dcabe2823ff9637 is terminated
26-05-09 13:39:50 [INFO] Instance i-01ccd399ac001484c is healthy
26-05-09 13:39:50 [INFO] Instance i-0a4e1197d71a42532 is healthy
26-05-09 13:40:01 [INFO] Instance i-0dce4dad5088a73a2 is healthy
26-05-09 13:40:01 [INFO] Instance i-0f45b2f6566fa75de is healthy
26-05-09 13:40:01 [ERROR] Instance i-05dcabe2823ff9637 is terminated
26-05-09 13:40:01 [INFO] Instance i-01ccd399ac001484c is healthy
26-05-09 13:40:01 [INFO] Instance i-0a4e1197d71a42532 is healthy
26-05-09 13:40:12 [INFO] Instance i-0dce4dad5088a73a2 is healthy
26-05-09 13:40:12 [INFO] Instance i-0f45b2f6566fa75de is healthy
26-05-09 13:40:12 [ERROR] Instance i-05dcabe2823ff9637 is terminated
26-05-09 13:40:12 [INFO] Instance i-01ccd399ac001484c is healthy
26-05-09 13:40:12 [INFO] Instance i-0a4e1197d71a42532 is healthy
26-05-09 13:40:24 [INFO] Instance i-0dce4dad5088a73a2 is healthy
26-05-09 13:40:24 [INFO] Instance i-0f45b2f6566fa75de is healthy
26-05-09 13:40:24 [ERROR] Instance i-05dcabe2823ff9637 is terminated
26-05-09 13:40:24 [INFO] Instance i-01ccd399ac001484c is healthy
26-05-09 13:40:24 [INFO] Instance i-0a4e1197d71a42532 is healthy
26-05-09 13:40:35 [INFO] Instance i-0dce4dad5088a73a2 is healthy
26-05-09 13:40:35 [INFO] Instance i-0f45b2f6566fa75de is healthy
26-05-09 13:40:35 [ERROR] Instance i-05dcabe2823ff9637 is terminated
26-05-09 13:40:35 [INFO] Instance i-01ccd399ac001484c is healthy
26-05-09 13:40:35 [INFO] Instance i-0a4e1197d71a42532 is healthy
26-05-09 13:40:46 [INFO] Instance i-0dce4dad5088a73a2 is healthy
26-05-09 13:40:46 [INFO] Instance i-0f45b2f6566fa75de is healthy
26-05-09 13:40:46 [ERROR] Instance i-05dcabe2823ff9637 is terminated
26-05-09 13:40:46 [INFO] Instance i-01ccd399ac001484c is healthy
26-05-09 13:40:46 [INFO] Instance i-0a4e1197d71a42532 is healthy
26-05-09 13:40:57 [INFO] Instance i-0dce4dad5088a73a2 is healthy
26-05-09 13:40:57 [INFO] Instance i-0f45b2f6566fa75de is healthy
26-05-09 13:40:57 [ERROR] Instance i-05dcabe2823ff9637 is terminated
26-05-09 13:40:57 [INFO] Instance i-01ccd399ac001484c is healthy
26-05-09 13:40:57 [INFO] Instance i-0a4e1197d71a42532 is healthy
26-05-09 13:41:08 [INFO] Instance i-0dce4dad5088a73a2 is healthy
26-05-09 13:41:08 [INFO] Instance i-0f45b2f6566fa75de is healthy
26-05-09 13:41:08 [ERROR] Instance i-05dcabe2823ff9637 is terminated
26-05-09 13:41:09 [INFO] Instance i-01ccd399ac001484c is healthy
26-05-09 13:41:09 [INFO] Instance i-0a4e1197d71a42532 is healthy
26-05-09 13:41:20 [INFO] Instance i-0dce4dad5088a73a2 is healthy
26-05-09 13:41:20 [INFO] Instance i-0f45b2f6566fa75de is healthy
26-05-09 13:41:20 [ERROR] Instance i-05dcabe2823ff9637 is terminated
26-05-09 13:41:20 [INFO] Instance i-01ccd399ac001484c is healthy
26-05-09 13:41:20 [INFO] Instance i-0a4e1197d71a42532 is healthy
26-05-09 13:41:31 [INFO] Instance i-0dce4dad5088a73a2 is healthy
26-05-09 13:41:31 [INFO] Instance i-0f45b2f6566fa75de is healthy
26-05-09 13:41:31 [ERROR] Instance i-05dcabe2823ff9637 is terminated
26-05-09 13:41:31 [INFO] Instance i-01ccd399ac001484c is healthy
26-05-09 13:41:31 [INFO] Instance i-0a4e1197d71a42532 is healthy
26-05-09 13:41:42 [INFO] Instance i-0dce4dad5088a73a2 is healthy
26-05-09 13:41:42 [INFO] Instance i-0f45b2f6566fa75de is healthy
26-05-09 13:41:42 [ERROR] Instance i-05dcabe2823ff9637 is terminated
26-05-09 13:41:42 [INFO] Instance i-01ccd399ac001484c is healthy
26-05-09 13:41:42 [INFO] Instance i-0a4e1197d71a42532 is healthy
26-05-09 13:41:53 [INFO] Instance i-0dce4dad5088a73a2 is healthy
26-05-09 13:41:53 [INFO] Instance i-0f45b2f6566fa75de is healthy
26-05-09 13:41:53 [ERROR] Instance i-05dcabe2823ff9637 is terminated
26-05-09 13:41:53 [INFO] Instance i-01ccd399ac001484c is healthy
26-05-09 13:41:53 [INFO] Instance i-0a4e1197d71a42532 is healthy
26-05-09 13:42:05 [INFO] Instance i-0dce4dad5088a73a2 is healthy
26-05-09 13:42:05 [INFO] Instance i-0f45b2f6566fa75de is healthy
26-05-09 13:42:05 [ERROR] Instance i-05dcabe2823ff9637 is terminated
26-05-09 13:42:05 [INFO] Instance i-01ccd399ac001484c is healthy
26-05-09 13:42:05 [INFO] Instance i-0a4e1197d71a42532 is healthy
26-05-09 13:42:16 [INFO] Instance i-0dce4dad5088a73a2 is healthy
26-05-09 13:42:16 [INFO] Instance i-0f45b2f6566fa75de is healthy
26-05-09 13:42:16 [ERROR] Instance i-05dcabe2823ff9637 is terminated
26-05-09 13:42:16 [INFO] Instance i-01ccd399ac001484c is healthy
26-05-09 13:42:16 [INFO] Instance i-0a4e1197d71a42532 is healthy
26-05-09 13:42:27 [INFO] Instance i-0dce4dad5088a73a2 is healthy
26-05-09 13:42:27 [INFO] Instance i-0f45b2f6566fa75de is healthy
26-05-09 13:42:27 [ERROR] Instance i-05dcabe2823ff9637 is terminated
26-05-09 13:42:27 [INFO] Instance i-01ccd399ac001484c is healthy
26-05-09 13:42:27 [INFO] Instance i-0a4e1197d71a42532 is healthy
26-05-09 13:42:33 [ERROR] Interupt by the user 
26-05-09 14:12:02 [INFO] Instance i-0dce4dad5088a73a2 is healthy
26-05-09 14:12:02 [INFO] Instance i-0f45b2f6566fa75de is healthy
26-05-09 14:12:02 [ERROR] Instance i-05dcabe2823ff9637 is terminated
26-05-09 14:12:02 [INFO] Instance i-01ccd399ac001484c is healthy
26-05-09 14:12:02 [INFO] Instance i-0a4e1197d71a42532 is healthy
26-05-09 14:12:13 [INFO] Instance i-0dce4dad5088a73a2 is healthy
26-05-09 14:12:13 [INFO] Instance i-0f45b2f6566fa75de is healthy
26-05-09 14:12:13 [ERROR] Instance i-05dcabe2823ff9637 is terminated
26-05-09 14:12:13 [INFO] Instance i-01ccd399ac001484c is healthy
26-05-09 14:12:13 [INFO] Instance i-0a4e1197d71a42532 is healthy
26-05-09 14:12:24 [INFO] Instance i-0dce4dad5088a73a2 is healthy
26-05-09 14:12:24 [INFO] Instance i-0f45b2f6566fa75de is healthy
26-05-09 14:12:24 [ERROR] Instance i-05dcabe2823ff9637 is terminated
26-05-09 14:12:24 [INFO] Instance i-01ccd399ac001484c is healthy
26-05-09 14:12:24 [INFO] Instance i-0a4e1197d71a42532 is healthy
26-05-09 14:12:31 [ERROR] Interupt by the user 
26-05-09 14:12:51 [INFO] Instance i-0dce4dad5088a73a2 is healthy
26-05-09 14:12:51 [INFO] Instance i-0f45b2f6566fa75de is healthy
26-05-09 14:12:51 [ERROR] Instance i-05dcabe2823ff9637 is terminated
26-05-09 14:12:51 [INFO] Instance i-01ccd399ac001484c is healthy
26-05-09 14:12:51 [INFO] Instance i-0a4e1197d71a42532 is healthy
26-05-09 14:13:02 [INFO] Instance i-0dce4dad5088a73a2 is currenly stopping
26-05-09 14:13:02 [INFO] Instance i-0f45b2f6566fa75de is currenly stopping
26-05-09 14:13:02 [ERROR] Instance i-05dcabe2823ff9637 is terminated
26-05-09 14:13:02 [INFO] Instance i-01ccd399ac001484c is currenly stopping
26-05-09 14:13:02 [INFO] Instance i-0a4e1197d71a42532 is currenly stopping
26-05-09 14:13:13 [INFO] Instance i-0dce4dad5088a73a2 is currenly stopping
26-05-09 14:13:13 [INFO] Instance i-0f45b2f6566fa75de is currenly stopping
26-05-09 14:13:13 [ERROR] Instance i-05dcabe2823ff9637 is terminated
26-05-09 14:13:13 [INFO] Instance i-01ccd399ac001484c is stopped
26-05-09 14:13:26 [ERROR] Issue with starting this ec2 i-01ccd399ac001484c ,need internal lookup
26-05-09 14:13:26 [INFO] Instance i-0a4e1197d71a42532 is currenly stopping
26-05-09 14:13:37 [INFO] Instance i-0dce4dad5088a73a2 is stopped
26-05-09 14:13:50 [ERROR] Issue with starting this ec2 i-0dce4dad5088a73a2 ,need internal lookup
26-05-09 14:13:50 [INFO] Instance i-0f45b2f6566fa75de is stopped
26-05-09 14:14:03 [ERROR] Issue with starting this ec2 i-0f45b2f6566fa75de ,need internal lookup
26-05-09 14:14:03 [ERROR] Instance i-05dcabe2823ff9637 is terminated
26-05-09 14:14:03 [INFO] Instance i-01ccd399ac001484c is healthy
26-05-09 14:14:03 [INFO] Instance i-0a4e1197d71a42532 is stopped
26-05-09 14:14:15 [ERROR] Issue with starting this ec2 i-0a4e1197d71a42532 ,need internal lookup
26-05-09 14:14:27 [INFO] Instance i-0dce4dad5088a73a2 is healthy
26-05-09 14:14:27 [INFO] Instance i-0f45b2f6566fa75de is healthy
26-05-09 14:14:27 [ERROR] Instance i-05dcabe2823ff9637 is terminated
26-05-09 14:14:27 [INFO] Instance i-01ccd399ac001484c is healthy
26-05-09 14:14:27 [INFO] Instance i-0a4e1197d71a42532 is healthy
26-05-09 14:14:38 [INFO] Instance i-0dce4dad5088a73a2 is healthy
26-05-09 14:14:38 [INFO] Instance i-0f45b2f6566fa75de is healthy
26-05-09 14:14:38 [ERROR] Instance i-05dcabe2823ff9637 is terminated
26-05-09 14:14:38 [INFO] Instance i-01ccd399ac001484c is healthy
26-05-09 14:14:38 [INFO] Instance i-0a4e1197d71a42532 is healthy
26-05-09 14:14:39 [ERROR] Interupt by the user 
26-05-09 14:15:38 [INFO] Instance i-0dce4dad5088a73a2 is healthy
26-05-09 14:15:38 [INFO] Instance i-0f45b2f6566fa75de is healthy
26-05-09 14:15:38 [ERROR] Instance i-05dcabe2823ff9637 is terminated
26-05-09 14:15:38 [INFO] Instance i-01ccd399ac001484c is healthy
26-05-09 14:15:38 [INFO] Instance i-0a4e1197d71a42532 is healthy
26-05-09 14:15:49 [INFO] Instance i-0dce4dad5088a73a2 is currenly stopping
26-05-09 14:15:49 [INFO] Instance i-0f45b2f6566fa75de is currenly stopping
26-05-09 14:15:49 [ERROR] Instance i-05dcabe2823ff9637 is terminated
26-05-09 14:15:49 [INFO] Instance i-01ccd399ac001484c is currenly stopping
26-05-09 14:15:49 [INFO] Instance i-0a4e1197d71a42532 is currenly stopping
26-05-09 14:16:00 [INFO] Instance i-0dce4dad5088a73a2 is currenly stopping
26-05-09 14:16:00 [INFO] Instance i-0f45b2f6566fa75de is stopped
26-05-09 14:16:13 [ERROR] Issue with starting this ec2 i-0f45b2f6566fa75de ,need internal lookup
26-05-09 14:16:13 [ERROR] Instance i-05dcabe2823ff9637 is terminated
26-05-09 14:16:13 [INFO] Instance i-01ccd399ac001484c is stopped
26-05-09 14:16:26 [ERROR] Issue with starting this ec2 i-01ccd399ac001484c ,need internal lookup
26-05-09 14:16:26 [INFO] Instance i-0a4e1197d71a42532 is stopped
26-05-09 14:16:39 [ERROR] Issue with starting this ec2 i-0a4e1197d71a42532 ,need internal lookup
26-05-09 14:16:50 [INFO] Instance i-0dce4dad5088a73a2 is stopped
26-05-09 14:17:03 [ERROR] Issue with starting this ec2 i-0dce4dad5088a73a2 ,need internal lookup
26-05-09 14:17:03 [INFO] Instance i-0f45b2f6566fa75de is healthy
26-05-09 14:17:03 [ERROR] Instance i-05dcabe2823ff9637 is terminated
26-05-09 14:17:03 [INFO] Instance i-01ccd399ac001484c is healthy
26-05-09 14:17:03 [INFO] Instance i-0a4e1197d71a42532 is healthy
26-05-09 14:17:09 [ERROR] Interupt by the user 
26-05-09 14:18:15 [INFO] Instance i-0dce4dad5088a73a2 is healthy
26-05-09 14:18:15 [INFO] Instance i-0f45b2f6566fa75de is healthy
26-05-09 14:18:15 [ERROR] Instance i-05dcabe2823ff9637 is terminated
26-05-09 14:18:15 [INFO] Instance i-01ccd399ac001484c is healthy
26-05-09 14:18:15 [INFO] Instance i-0a4e1197d71a42532 is healthy
26-05-09 14:18:27 [INFO] Instance i-0dce4dad5088a73a2 is currenly stopping
26-05-09 14:18:27 [INFO] Instance i-0f45b2f6566fa75de is currenly stopping
26-05-09 14:18:27 [ERROR] Instance i-05dcabe2823ff9637 is terminated
26-05-09 14:18:27 [INFO] Instance i-01ccd399ac001484c is currenly stopping
26-05-09 14:18:27 [INFO] Instance i-0a4e1197d71a42532 is currenly stopping
26-05-09 14:18:38 [INFO] Instance i-0dce4dad5088a73a2 is currenly stopping
26-05-09 14:18:38 [INFO] Instance i-0f45b2f6566fa75de is stopped
26-05-09 14:18:50 [INFO] Instance i-0f45b2f6566fa75de Started
26-05-09 14:18:50 [ERROR] Instance i-05dcabe2823ff9637 is terminated
26-05-09 14:18:50 [INFO] Instance i-01ccd399ac001484c is currenly stopping
26-05-09 14:18:50 [INFO] Instance i-0a4e1197d71a42532 is stopped
26-05-09 14:19:03 [INFO] Instance i-0a4e1197d71a42532 Started
26-05-09 14:19:14 [INFO] Instance i-0dce4dad5088a73a2 is stopped
26-05-09 14:19:27 [INFO] Instance i-0dce4dad5088a73a2 Started
26-05-09 14:19:27 [INFO] Instance i-0f45b2f6566fa75de is healthy
26-05-09 14:19:27 [ERROR] Instance i-05dcabe2823ff9637 is terminated
26-05-09 14:19:27 [INFO] Instance i-01ccd399ac001484c is stopped
26-05-09 14:19:40 [INFO] Instance i-01ccd399ac001484c Started
26-05-09 14:19:40 [INFO] Instance i-0a4e1197d71a42532 is healthy
26-05-09 14:19:51 [INFO] Instance i-0dce4dad5088a73a2 is currenly stopping
26-05-09 14:19:51 [INFO] Instance i-0f45b2f6566fa75de is stopped
26-05-09 14:20:04 [INFO] Instance i-0f45b2f6566fa75de Started
26-05-09 14:20:04 [ERROR] Instance i-05dcabe2823ff9637 is terminated
26-05-09 14:20:04 [INFO] Instance i-01ccd399ac001484c is healthy
26-05-09 14:20:04 [INFO] Instance i-0a4e1197d71a42532 is stopped
26-05-09 14:20:17 [INFO] Instance i-0a4e1197d71a42532 Started
26-05-09 14:20:28 [INFO] Instance i-0dce4dad5088a73a2 is stopped
26-05-09 14:20:40 [INFO] Instance i-0dce4dad5088a73a2 Started
26-05-09 14:20:40 [INFO] Instance i-0f45b2f6566fa75de is healthy
26-05-09 14:20:40 [ERROR] Instance i-05dcabe2823ff9637 is terminated
26-05-09 14:20:41 [INFO] Instance i-01ccd399ac001484c is healthy
26-05-09 14:20:41 [INFO] Instance i-0a4e1197d71a42532 is healthy
26-05-09 14:20:52 [INFO] Instance i-0dce4dad5088a73a2 is healthy
26-05-09 14:20:52 [INFO] Instance i-0f45b2f6566fa75de is healthy
26-05-09 14:20:52 [ERROR] Instance i-05dcabe2823ff9637 is terminated
26-05-09 14:20:52 [INFO] Instance i-01ccd399ac001484c is healthy
26-05-09 14:20:52 [INFO] Instance i-0a4e1197d71a42532 is healthy
26-05-09 14:21:03 [INFO] Instance i-0dce4dad5088a73a2 is healthy
26-05-09 14:21:03 [INFO] Instance i-0f45b2f6566fa75de is healthy
26-05-09 14:21:03 [ERROR] Instance i-05dcabe2823ff9637 is terminated
26-05-09 14:21:03 [INFO] Instance i-01ccd399ac001484c is healthy
26-05-09 14:21:03 [INFO] Instance i-0a4e1197d71a42532 is healthy
26-05-09 14:21:14 [INFO] Instance i-0dce4dad5088a73a2 is healthy
26-05-09 14:21:14 [INFO] Instance i-0f45b2f6566fa75de is healthy
26-05-09 14:21:14 [ERROR] Instance i-05dcabe2823ff9637 is terminated
26-05-09 14:21:14 [INFO] Instance i-01ccd399ac001484c is healthy
26-05-09 14:21:14 [INFO] Instance i-0a4e1197d71a42532 is healthy
26-05-09 14:21:20 [ERROR] Interupt by the user 
26-05-09 14:22:27 [INFO] Instance i-0dce4dad5088a73a2 is healthy
26-05-09 14:22:27 [INFO] Instance i-0f45b2f6566fa75de is healthy
26-05-09 14:22:27 [ERROR] Instance i-05dcabe2823ff9637 is terminated
26-05-09 14:22:27 [INFO] Instance i-01ccd399ac001484c is healthy
26-05-09 14:22:27 [INFO] Instance i-0a4e1197d71a42532 is healthy
26-05-09 14:22:34 [ERROR] Interupt by the user 
26-05-09 14:32:03 [INFO] Instance i-0dce4dad5088a73a2 is healthy
26-05-09 14:32:03 [INFO] Instance i-0f45b2f6566fa75de is healthy
26-05-09 14:32:03 [ERROR] Instance i-05dcabe2823ff9637 is terminated
26-05-09 14:32:03 [INFO] Instance i-01ccd399ac001484c is healthy
26-05-09 14:32:03 [INFO] Instance i-0a4e1197d71a42532 is healthy
26-05-09 14:32:14 [INFO] Instance i-0dce4dad5088a73a2 is currenly stopping
26-05-09 14:32:14 [INFO] Instance i-0f45b2f6566fa75de is currenly stopping
26-05-09 14:32:14 [ERROR] Instance i-05dcabe2823ff9637 is terminated
26-05-09 14:32:14 [INFO] Instance i-01ccd399ac001484c is currenly stopping
26-05-09 14:32:14 [INFO] Instance i-0a4e1197d71a42532 is currenly stopping
26-05-09 14:32:25 [INFO] Instance i-0dce4dad5088a73a2 is stopped
26-05-09 14:32:25 [ERROR] Interupt by the user 
26-05-09 14:32:53 [INFO] Instance i-0dce4dad5088a73a2 is stopped
26-05-09 14:33:06 [INFO] Instance i-0dce4dad5088a73a2 Started
26-05-09 14:33:06 [INFO] Instance i-0f45b2f6566fa75de is stopped
26-05-09 14:33:20 [INFO] Instance i-0f45b2f6566fa75de Started
26-05-09 14:33:20 [ERROR] Instance i-05dcabe2823ff9637 is terminated
26-05-09 14:33:20 [INFO] Instance i-01ccd399ac001484c is stopped
26-05-09 14:33:34 [INFO] Instance i-01ccd399ac001484c Started
26-05-09 14:33:34 [INFO] Instance i-0a4e1197d71a42532 is stopped
26-05-09 14:33:48 [INFO] Instance i-0a4e1197d71a42532 Started
26-05-09 14:33:56 [ERROR] Interupt by the user 
26-05-09 14:34:30 [INFO] Instance i-0dce4dad5088a73a2 is healthy
26-05-09 14:34:30 [INFO] Instance i-0f45b2f6566fa75de is healthy
26-05-09 14:34:30 [ERROR] Instance i-05dcabe2823ff9637 is terminated
26-05-09 14:34:30 [INFO] Instance i-01ccd399ac001484c is healthy
26-05-09 14:34:30 [INFO] Instance i-0a4e1197d71a42532 is healthy
26-05-09 14:34:41 [INFO] Instance i-0dce4dad5088a73a2 is healthy
26-05-09 14:34:41 [INFO] Instance i-0f45b2f6566fa75de is healthy
26-05-09 14:34:41 [ERROR] Instance i-05dcabe2823ff9637 is terminated
26-05-09 14:34:41 [INFO] Instance i-01ccd399ac001484c is healthy
26-05-09 14:34:41 [INFO] Instance i-0a4e1197d71a42532 is healthy
26-05-09 14:34:52 [INFO] Instance i-0dce4dad5088a73a2 is currenly stopping
26-05-09 14:34:52 [INFO] Instance i-0f45b2f6566fa75de is currenly stopping
26-05-09 14:34:53 [ERROR] Instance i-05dcabe2823ff9637 is terminated
26-05-09 14:34:53 [INFO] Instance i-01ccd399ac001484c is currenly stopping
26-05-09 14:34:53 [INFO] Instance i-0a4e1197d71a42532 is currenly stopping
26-05-09 14:35:04 [INFO] Instance i-0dce4dad5088a73a2 is currenly stopping
26-05-09 14:35:04 [INFO] Instance i-0f45b2f6566fa75de is stopped
26-05-09 14:35:18 [INFO] Instance i-0f45b2f6566fa75de Started
26-05-09 14:35:18 [ERROR] Instance i-05dcabe2823ff9637 is terminated
26-05-09 14:35:18 [INFO] Instance i-01ccd399ac001484c is stopped
26-05-09 14:35:31 [INFO] Instance i-01ccd399ac001484c Started
26-05-09 14:35:31 [INFO] Instance i-0a4e1197d71a42532 is stopped
26-05-09 14:35:45 [INFO] Instance i-0a4e1197d71a42532 Started
26-05-09 14:35:57 [INFO] Instance i-0dce4dad5088a73a2 is stopped
26-05-09 14:36:10 [INFO] Instance i-0dce4dad5088a73a2 Started
26-05-09 14:36:10 [INFO] Instance i-0f45b2f6566fa75de is healthy
26-05-09 14:36:10 [ERROR] Instance i-05dcabe2823ff9637 is terminated
26-05-09 14:36:10 [INFO] Instance i-01ccd399ac001484c is healthy
26-05-09 14:36:10 [INFO] Instance i-0a4e1197d71a42532 is healthy
26-05-09 14:36:22 [INFO] Instance i-0dce4dad5088a73a2 is healthy
26-05-09 14:36:22 [INFO] Instance i-0f45b2f6566fa75de is healthy
26-05-09 14:36:22 [ERROR] Instance i-05dcabe2823ff9637 is terminated
26-05-09 14:36:22 [INFO] Instance i-01ccd399ac001484c is healthy
26-05-09 14:36:22 [INFO] Instance i-0a4e1197d71a42532 is healthy
26-05-09 14:36:33 [INFO] Instance i-0dce4dad5088a73a2 is healthy
26-05-09 14:36:33 [INFO] Instance i-0f45b2f6566fa75de is healthy
26-05-09 14:36:33 [ERROR] Instance i-05dcabe2823ff9637 is terminated
26-05-09 14:36:33 [INFO] Instance i-01ccd399ac001484c is healthy
26-05-09 14:36:33 [INFO] Instance i-0a4e1197d71a42532 is healthy
26-05-09 14:36:44 [INFO] Instance i-0dce4dad5088a73a2 is healthy
26-05-09 14:36:44 [INFO] Instance i-0f45b2f6566fa75de is healthy
26-05-09 14:36:44 [ERROR] Instance i-05dcabe2823ff9637 is terminated
26-05-09 14:36:44 [INFO] Instance i-01ccd399ac001484c is healthy
26-05-09 14:36:44 [INFO] Instance i-0a4e1197d71a42532 is healthy
26-05-09 14:36:55 [INFO] Instance i-0dce4dad5088a73a2 is healthy
26-05-09 14:36:55 [INFO] Instance i-0f45b2f6566fa75de is healthy
26-05-09 14:36:55 [ERROR] Instance i-05dcabe2823ff9637 is terminated
26-05-09 14:36:55 [INFO] Instance i-01ccd399ac001484c is healthy
26-05-09 14:36:55 [INFO] Instance i-0a4e1197d71a42532 is healthy
26-05-09 14:37:06 [INFO] Instance i-0dce4dad5088a73a2 is healthy
26-05-09 14:37:06 [INFO] Instance i-0f45b2f6566fa75de is healthy
26-05-09 14:37:06 [ERROR] Instance i-05dcabe2823ff9637 is terminated
26-05-09 14:37:06 [INFO] Instance i-01ccd399ac001484c is healthy
26-05-09 14:37:06 [INFO] Instance i-0a4e1197d71a42532 is healthy
26-05-09 14:37:17 [INFO] Instance i-0dce4dad5088a73a2 is healthy
26-05-09 14:37:17 [INFO] Instance i-0f45b2f6566fa75de is healthy
26-05-09 14:37:17 [ERROR] Instance i-05dcabe2823ff9637 is terminated
26-05-09 14:37:17 [INFO] Instance i-01ccd399ac001484c is healthy
26-05-09 14:37:17 [INFO] Instance i-0a4e1197d71a42532 is healthy
26-05-09 14:37:29 [INFO] Instance i-0dce4dad5088a73a2 is healthy
26-05-09 14:37:29 [INFO] Instance i-0f45b2f6566fa75de is healthy
26-05-09 14:37:29 [ERROR] Instance i-05dcabe2823ff9637 is terminated
26-05-09 14:37:29 [INFO] Instance i-01ccd399ac001484c is healthy
26-05-09 14:37:29 [INFO] Instance i-0a4e1197d71a42532 is healthy
26-05-09 14:37:40 [INFO] Instance i-0dce4dad5088a73a2 is healthy
26-05-09 14:37:40 [INFO] Instance i-0f45b2f6566fa75de is healthy
26-05-09 14:37:40 [ERROR] Instance i-05dcabe2823ff9637 is terminated
26-05-09 14:37:40 [INFO] Instance i-01ccd399ac001484c is healthy
26-05-09 14:37:40 [INFO] Instance i-0a4e1197d71a42532 is healthy
26-05-09 14:37:51 [INFO] Instance i-0dce4dad5088a73a2 is healthy
26-05-09 14:37:51 [INFO] Instance i-0f45b2f6566fa75de is healthy
26-05-09 14:37:51 [ERROR] Instance i-05dcabe2823ff9637 is terminated
26-05-09 14:37:51 [INFO] Instance i-01ccd399ac001484c is healthy
26-05-09 14:37:51 [INFO] Instance i-0a4e1197d71a42532 is healthy
26-05-09 14:38:02 [INFO] Instance i-0dce4dad5088a73a2 is healthy
26-05-09 14:38:02 [INFO] Instance i-0f45b2f6566fa75de is healthy
26-05-09 14:38:02 [ERROR] Instance i-05dcabe2823ff9637 is terminated
26-05-09 14:38:02 [INFO] Instance i-01ccd399ac001484c is healthy
26-05-09 14:38:02 [INFO] Instance i-0a4e1197d71a42532 is healthy
26-05-09 14:38:13 [INFO] Instance i-0dce4dad5088a73a2 is healthy
26-05-09 14:38:13 [INFO] Instance i-0f45b2f6566fa75de is healthy
26-05-09 14:38:13 [ERROR] Instance i-05dcabe2823ff9637 is terminated
26-05-09 14:38:13 [INFO] Instance i-01ccd399ac001484c is healthy
26-05-09 14:38:13 [INFO] Instance i-0a4e1197d71a42532 is healthy
26-05-09 14:38:25 [INFO] Instance i-0dce4dad5088a73a2 is healthy
26-05-09 14:38:25 [INFO] Instance i-0f45b2f6566fa75de is healthy
26-05-09 14:38:25 [ERROR] Instance i-05dcabe2823ff9637 is terminated
26-05-09 14:38:25 [INFO] Instance i-01ccd399ac001484c is healthy
26-05-09 14:38:25 [INFO] Instance i-0a4e1197d71a42532 is healthy
26-05-09 14:38:36 [INFO] Instance i-0dce4dad5088a73a2 is healthy
26-05-09 14:38:36 [INFO] Instance i-0f45b2f6566fa75de is healthy
26-05-09 14:38:36 [ERROR] Instance i-05dcabe2823ff9637 is terminated
26-05-09 14:38:36 [INFO] Instance i-01ccd399ac001484c is healthy
26-05-09 14:38:36 [INFO] Instance i-0a4e1197d71a42532 is healthy
26-05-09 14:38:47 [INFO] Instance i-0dce4dad5088a73a2 is healthy
26-05-09 14:38:47 [INFO] Instance i-0f45b2f6566fa75de is healthy
26-05-09 14:38:47 [ERROR] Instance i-05dcabe2823ff9637 is terminated
26-05-09 14:38:47 [INFO] Instance i-01ccd399ac001484c is healthy
26-05-09 14:38:47 [INFO] Instance i-0a4e1197d71a42532 is healthy
26-05-09 14:38:58 [INFO] Instance i-0dce4dad5088a73a2 is healthy
26-05-09 14:38:58 [INFO] Instance i-0f45b2f6566fa75de is healthy
26-05-09 14:38:58 [ERROR] Instance i-05dcabe2823ff9637 is terminated
26-05-09 14:38:58 [INFO] Instance i-01ccd399ac001484c is healthy
26-05-09 14:38:58 [INFO] Instance i-0a4e1197d71a42532 is healthy
26-05-09 14:39:09 [INFO] Instance i-0dce4dad5088a73a2 is healthy
26-05-09 14:39:09 [INFO] Instance i-0f45b2f6566fa75de is healthy
26-05-09 14:39:10 [ERROR] Instance i-05dcabe2823ff9637 is terminated
26-05-09 14:39:10 [INFO] Instance i-01ccd399ac001484c is healthy
26-05-09 14:39:10 [INFO] Instance i-0a4e1197d71a42532 is healthy
26-05-09 14:39:21 [INFO] Instance i-0dce4dad5088a73a2 is healthy
26-05-09 14:39:21 [INFO] Instance i-0f45b2f6566fa75de is healthy
26-05-09 14:39:21 [ERROR] Instance i-05dcabe2823ff9637 is terminated
26-05-09 14:39:21 [INFO] Instance i-01ccd399ac001484c is healthy
26-05-09 14:39:21 [INFO] Instance i-0a4e1197d71a42532 is healthy
26-05-09 14:39:32 [INFO] Instance i-0dce4dad5088a73a2 is healthy
26-05-09 14:39:32 [INFO] Instance i-0f45b2f6566fa75de is healthy
26-05-09 14:39:32 [ERROR] Instance i-05dcabe2823ff9637 is terminated
26-05-09 14:39:32 [INFO] Instance i-01ccd399ac001484c is healthy
26-05-09 14:39:32 [INFO] Instance i-0a4e1197d71a42532 is healthy
26-05-09 14:39:43 [INFO] Instance i-0dce4dad5088a73a2 is healthy
26-05-09 14:39:43 [INFO] Instance i-0f45b2f6566fa75de is healthy
26-05-09 14:39:43 [INFO] Instance i-01ccd399ac001484c is healthy
26-05-09 14:39:43 [INFO] Instance i-0a4e1197d71a42532 is healthy
26-05-09 14:39:54 [INFO] Instance i-0dce4dad5088a73a2 is healthy
26-05-09 14:39:54 [INFO] Instance i-0f45b2f6566fa75de is healthy
26-05-09 14:39:54 [INFO] Instance i-01ccd399ac001484c is healthy
26-05-09 14:39:54 [INFO] Instance i-0a4e1197d71a42532 is healthy
26-05-09 14:40:06 [INFO] Instance i-0dce4dad5088a73a2 is healthy
26-05-09 14:40:06 [INFO] Instance i-0f45b2f6566fa75de is healthy
26-05-09 14:40:06 [INFO] Instance i-01ccd399ac001484c is healthy
26-05-09 14:40:06 [INFO] Instance i-0a4e1197d71a42532 is healthy
26-05-09 14:40:17 [INFO] Instance i-0dce4dad5088a73a2 is healthy
26-05-09 14:40:17 [INFO] Instance i-0f45b2f6566fa75de is healthy
26-05-09 14:40:17 [INFO] Instance i-01ccd399ac001484c is healthy
26-05-09 14:40:17 [INFO] Instance i-0a4e1197d71a42532 is healthy
26-05-09 14:40:28 [INFO] Instance i-0dce4dad5088a73a2 is healthy
26-05-09 14:40:28 [INFO] Instance i-0f45b2f6566fa75de is healthy
26-05-09 14:40:28 [INFO] Instance i-01ccd399ac001484c is healthy
26-05-09 14:40:28 [INFO] Instance i-0a4e1197d71a42532 is healthy
26-05-09 14:40:39 [INFO] Instance i-0dce4dad5088a73a2 is healthy
26-05-09 14:40:39 [INFO] Instance i-0f45b2f6566fa75de is healthy
26-05-09 14:40:39 [INFO] Instance i-01ccd399ac001484c is healthy
26-05-09 14:40:39 [INFO] Instance i-0a4e1197d71a42532 is healthy
26-05-09 14:40:51 [INFO] Instance i-0dce4dad5088a73a2 is healthy
26-05-09 14:40:51 [INFO] Instance i-0f45b2f6566fa75de is healthy
26-05-09 14:40:51 [INFO] Instance i-01ccd399ac001484c is healthy
26-05-09 14:40:51 [INFO] Instance i-0a4e1197d71a42532 is healthy
26-05-09 14:41:02 [INFO] Instance i-0dce4dad5088a73a2 is healthy
26-05-09 14:41:02 [INFO] Instance i-0f45b2f6566fa75de is healthy
26-05-09 14:41:02 [INFO] Instance i-01ccd399ac001484c is healthy
26-05-09 14:41:02 [INFO] Instance i-0a4e1197d71a42532 is healthy
26-05-09 14:41:13 [INFO] Instance i-0dce4dad5088a73a2 is healthy
26-05-09 14:41:13 [INFO] Instance i-0f45b2f6566fa75de is healthy
26-05-09 14:41:13 [INFO] Instance i-01ccd399ac001484c is healthy
26-05-09 14:41:13 [INFO] Instance i-0a4e1197d71a42532 is healthy
26-05-09 14:41:24 [INFO] Instance i-0dce4dad5088a73a2 is healthy
26-05-09 14:41:24 [INFO] Instance i-0f45b2f6566fa75de is healthy
26-05-09 14:41:24 [INFO] Instance i-01ccd399ac001484c is healthy
26-05-09 14:41:25 [INFO] Instance i-0a4e1197d71a42532 is healthy
26-05-09 14:41:36 [INFO] Instance i-0dce4dad5088a73a2 is healthy
26-05-09 14:41:36 [INFO] Instance i-0f45b2f6566fa75de is healthy
26-05-09 14:41:36 [INFO] Instance i-01ccd399ac001484c is healthy
26-05-09 14:41:36 [INFO] Instance i-0a4e1197d71a42532 is healthy
26-05-09 14:41:47 [INFO] Instance i-0dce4dad5088a73a2 is healthy
26-05-09 14:41:47 [INFO] Instance i-0f45b2f6566fa75de is healthy
26-05-09 14:41:47 [INFO] Instance i-01ccd399ac001484c is healthy
26-05-09 14:41:47 [INFO] Instance i-0a4e1197d71a42532 is healthy
26-05-09 14:41:58 [INFO] Instance i-0dce4dad5088a73a2 is healthy
26-05-09 14:41:58 [INFO] Instance i-0f45b2f6566fa75de is healthy
26-05-09 14:41:58 [INFO] Instance i-01ccd399ac001484c is healthy
26-05-09 14:41:58 [INFO] Instance i-0a4e1197d71a42532 is healthy
26-05-09 14:42:09 [INFO] Instance i-0dce4dad5088a73a2 is healthy
26-05-09 14:42:09 [INFO] Instance i-0f45b2f6566fa75de is healthy
26-05-09 14:42:09 [INFO] Instance i-01ccd399ac001484c is healthy
26-05-09 14:42:09 [INFO] Instance i-0a4e1197d71a42532 is healthy
26-05-09 14:42:21 [INFO] Instance i-0dce4dad5088a73a2 is healthy
26-05-09 14:42:21 [INFO] Instance i-0f45b2f6566fa75de is healthy
26-05-09 14:42:21 [INFO] Instance i-01ccd399ac001484c is healthy
26-05-09 14:42:21 [INFO] Instance i-0a4e1197d71a42532 is healthy
26-05-09 14:42:32 [INFO] Instance i-0dce4dad5088a73a2 is healthy
26-05-09 14:42:32 [INFO] Instance i-0f45b2f6566fa75de is healthy
26-05-09 14:42:32 [INFO] Instance i-01ccd399ac001484c is healthy
26-05-09 14:42:32 [INFO] Instance i-0a4e1197d71a42532 is healthy
26-05-09 14:42:43 [INFO] Instance i-0dce4dad5088a73a2 is healthy
26-05-09 14:42:43 [INFO] Instance i-0f45b2f6566fa75de is healthy
26-05-09 14:42:43 [INFO] Instance i-01ccd399ac001484c is healthy
26-05-09 14:42:43 [INFO] Instance i-0a4e1197d71a42532 is healthy
26-05-09 14:42:54 [INFO] Instance i-0dce4dad5088a73a2 is healthy
26-05-09 14:42:54 [INFO] Instance i-0f45b2f6566fa75de is healthy
26-05-09 14:42:54 [INFO] Instance i-01ccd399ac001484c is healthy
26-05-09 14:42:54 [INFO] Instance i-0a4e1197d71a42532 is healthy
26-05-09 14:43:06 [INFO] Instance i-0dce4dad5088a73a2 is healthy
26-05-09 14:43:06 [INFO] Instance i-0f45b2f6566fa75de is healthy
26-05-09 14:43:06 [INFO] Instance i-01ccd399ac001484c is healthy
26-05-09 14:43:06 [INFO] Instance i-0a4e1197d71a42532 is healthy
26-05-09 14:43:17 [INFO] Instance i-0dce4dad5088a73a2 is healthy
26-05-09 14:43:17 [INFO] Instance i-0f45b2f6566fa75de is healthy
26-05-09 14:43:17 [INFO] Instance i-01ccd399ac001484c is healthy
26-05-09 14:43:17 [INFO] Instance i-0a4e1197d71a42532 is healthy
26-05-09 14:43:28 [INFO] Instance i-0dce4dad5088a73a2 is healthy
26-05-09 14:43:28 [INFO] Instance i-0f45b2f6566fa75de is healthy
26-05-09 14:43:28 [INFO] Instance i-01ccd399ac001484c is healthy
26-05-09 14:43:28 [INFO] Instance i-0a4e1197d71a42532 is healthy
26-05-09 14:43:39 [INFO] Instance i-0dce4dad5088a73a2 is healthy
26-05-09 14:43:39 [INFO] Instance i-0f45b2f6566fa75de is healthy
26-05-09 14:43:39 [INFO] Instance i-01ccd399ac001484c is healthy
26-05-09 14:43:39 [INFO] Instance i-0a4e1197d71a42532 is healthy
26-05-09 14:43:50 [INFO] Instance i-0dce4dad5088a73a2 is healthy
26-05-09 14:43:50 [INFO] Instance i-0f45b2f6566fa75de is healthy
26-05-09 14:43:50 [INFO] Instance i-01ccd399ac001484c is healthy
26-05-09 14:43:50 [INFO] Instance i-0a4e1197d71a42532 is healthy
26-05-09 14:44:02 [INFO] Instance i-0dce4dad5088a73a2 is healthy
26-05-09 14:44:02 [INFO] Instance i-0f45b2f6566fa75de is healthy
26-05-09 14:44:02 [INFO] Instance i-01ccd399ac001484c is healthy
26-05-09 14:44:02 [INFO] Instance i-0a4e1197d71a42532 is healthy
26-05-09 14:44:13 [INFO] Instance i-0dce4dad5088a73a2 is healthy
26-05-09 14:44:13 [INFO] Instance i-0f45b2f6566fa75de is healthy
26-05-09 14:44:13 [INFO] Instance i-01ccd399ac001484c is healthy
26-05-09 14:44:13 [INFO] Instance i-0a4e1197d71a42532 is healthy
26-05-09 14:44:24 [INFO] Instance i-0dce4dad5088a73a2 is healthy
26-05-09 14:44:24 [INFO] Instance i-0f45b2f6566fa75de is healthy
26-05-09 14:44:24 [INFO] Instance i-01ccd399ac001484c is healthy
26-05-09 14:44:24 [INFO] Instance i-0a4e1197d71a42532 is healthy
26-05-09 14:44:35 [INFO] Instance i-0dce4dad5088a73a2 is healthy
26-05-09 14:44:35 [INFO] Instance i-0f45b2f6566fa75de is healthy
26-05-09 14:44:35 [INFO] Instance i-01ccd399ac001484c is healthy
26-05-09 14:44:35 [INFO] Instance i-0a4e1197d71a42532 is healthy
26-05-09 14:44:46 [INFO] Instance i-0dce4dad5088a73a2 is healthy
26-05-09 14:44:46 [INFO] Instance i-0f45b2f6566fa75de is healthy
26-05-09 14:44:46 [INFO] Instance i-01ccd399ac001484c is healthy
26-05-09 14:44:46 [INFO] Instance i-0a4e1197d71a42532 is healthy
26-05-09 14:44:58 [INFO] Instance i-0dce4dad5088a73a2 is healthy
26-05-09 14:44:58 [INFO] Instance i-0f45b2f6566fa75de is healthy
26-05-09 14:44:58 [INFO] Instance i-01ccd399ac001484c is healthy
26-05-09 14:44:58 [INFO] Instance i-0a4e1197d71a42532 is healthy
26-05-09 14:45:09 [INFO] Instance i-0dce4dad5088a73a2 is healthy
26-05-09 14:45:09 [INFO] Instance i-0f45b2f6566fa75de is healthy
26-05-09 14:45:09 [INFO] Instance i-01ccd399ac001484c is healthy
26-05-09 14:45:09 [INFO] Instance i-0a4e1197d71a42532 is healthy
26-05-09 14:45:20 [INFO] Instance i-0dce4dad5088a73a2 is healthy
26-05-09 14:45:20 [INFO] Instance i-0f45b2f6566fa75de is healthy
26-05-09 14:45:20 [INFO] Instance i-01ccd399ac001484c is healthy
26-05-09 14:45:20 [INFO] Instance i-0a4e1197d71a42532 is healthy
26-05-09 14:45:31 [INFO] Instance i-0dce4dad5088a73a2 is healthy
26-05-09 14:45:31 [INFO] Instance i-0f45b2f6566fa75de is healthy
26-05-09 14:45:31 [INFO] Instance i-01ccd399ac001484c is healthy
26-05-09 14:45:31 [INFO] Instance i-0a4e1197d71a42532 is healthy
26-05-09 14:45:42 [INFO] Instance i-0dce4dad5088a73a2 is healthy
26-05-09 14:45:42 [INFO] Instance i-0f45b2f6566fa75de is healthy
26-05-09 14:45:42 [INFO] Instance i-01ccd399ac001484c is healthy
26-05-09 14:45:42 [INFO] Instance i-0a4e1197d71a42532 is healthy
26-05-09 14:45:54 [INFO] Instance i-0dce4dad5088a73a2 is healthy
26-05-09 14:45:54 [INFO] Instance i-0f45b2f6566fa75de is healthy
26-05-09 14:45:54 [INFO] Instance i-01ccd399ac001484c is healthy
26-05-09 14:45:54 [INFO] Instance i-0a4e1197d71a42532 is healthy
26-05-09 14:46:05 [INFO] Instance i-0dce4dad5088a73a2 is healthy
26-05-09 14:46:05 [INFO] Instance i-0f45b2f6566fa75de is healthy
26-05-09 14:46:05 [INFO] Instance i-01ccd399ac001484c is healthy
26-05-09 14:46:05 [INFO] Instance i-0a4e1197d71a42532 is healthy
26-05-09 14:46:16 [INFO] Instance i-0dce4dad5088a73a2 is healthy
26-05-09 14:46:16 [INFO] Instance i-0f45b2f6566fa75de is healthy
26-05-09 14:46:16 [INFO] Instance i-01ccd399ac001484c is healthy
26-05-09 14:46:16 [INFO] Instance i-0a4e1197d71a42532 is healthy
26-05-09 14:46:27 [INFO] Instance i-0dce4dad5088a73a2 is healthy
26-05-09 14:46:27 [INFO] Instance i-0f45b2f6566fa75de is healthy
26-05-09 14:46:27 [INFO] Instance i-01ccd399ac001484c is healthy
26-05-09 14:46:27 [INFO] Instance i-0a4e1197d71a42532 is healthy
26-05-09 14:46:38 [INFO] Instance i-0dce4dad5088a73a2 is healthy
26-05-09 14:46:38 [INFO] Instance i-0f45b2f6566fa75de is healthy
26-05-09 14:46:38 [INFO] Instance i-01ccd399ac001484c is healthy
26-05-09 14:46:38 [INFO] Instance i-0a4e1197d71a42532 is healthy
26-05-09 14:46:50 [INFO] Instance i-0dce4dad5088a73a2 is healthy
26-05-09 14:46:50 [INFO] Instance i-0f45b2f6566fa75de is healthy
26-05-09 14:46:50 [INFO] Instance i-01ccd399ac001484c is healthy
26-05-09 14:46:50 [INFO] Instance i-0a4e1197d71a42532 is healthy
26-05-09 14:47:01 [INFO] Instance i-0dce4dad5088a73a2 is healthy
26-05-09 14:47:01 [INFO] Instance i-0f45b2f6566fa75de is healthy
26-05-09 14:47:01 [INFO] Instance i-01ccd399ac001484c is healthy
26-05-09 14:47:01 [INFO] Instance i-0a4e1197d71a42532 is healthy
26-05-09 14:47:12 [INFO] Instance i-0dce4dad5088a73a2 is healthy
26-05-09 14:47:12 [INFO] Instance i-0f45b2f6566fa75de is healthy
26-05-09 14:47:12 [INFO] Instance i-01ccd399ac001484c is healthy
26-05-09 14:47:12 [INFO] Instance i-0a4e1197d71a42532 is healthy
26-05-09 14:47:23 [INFO] Instance i-0dce4dad5088a73a2 is healthy
26-05-09 14:47:23 [INFO] Instance i-0f45b2f6566fa75de is healthy
26-05-09 14:47:23 [INFO] Instance i-01ccd399ac001484c is healthy
26-05-09 14:47:23 [INFO] Instance i-0a4e1197d71a42532 is healthy
26-05-09 14:47:34 [INFO] Instance i-0dce4dad5088a73a2 is healthy
26-05-09 14:47:34 [INFO] Instance i-0f45b2f6566fa75de is healthy
26-05-09 14:47:34 [INFO] Instance i-01ccd399ac001484c is healthy
26-05-09 14:47:34 [INFO] Instance i-0a4e1197d71a42532 is healthy
26-05-09 14:47:45 [INFO] Instance i-0dce4dad5088a73a2 is healthy
26-05-09 14:47:45 [INFO] Instance i-0f45b2f6566fa75de is healthy
26-05-09 14:47:45 [INFO] Instance i-01ccd399ac001484c is healthy
26-05-09 14:47:45 [INFO] Instance i-0a4e1197d71a42532 is healthy
26-05-09 14:47:57 [INFO] Instance i-0dce4dad5088a73a2 is healthy
26-05-09 14:47:57 [INFO] Instance i-0f45b2f6566fa75de is healthy
26-05-09 14:47:57 [INFO] Instance i-01ccd399ac001484c is healthy
26-05-09 14:47:57 [INFO] Instance i-0a4e1197d71a42532 is healthy
26-05-09 14:48:08 [INFO] Instance i-0dce4dad5088a73a2 is healthy
26-05-09 14:48:08 [INFO] Instance i-0f45b2f6566fa75de is healthy
26-05-09 14:48:08 [INFO] Instance i-01ccd399ac001484c is healthy
26-05-09 14:48:08 [INFO] Instance i-0a4e1197d71a42532 is healthy
26-05-09 14:48:19 [INFO] Instance i-0dce4dad5088a73a2 is healthy
26-05-09 14:48:19 [INFO] Instance i-0f45b2f6566fa75de is healthy
26-05-09 14:48:19 [INFO] Instance i-01ccd399ac001484c is healthy
26-05-09 14:48:19 [INFO] Instance i-0a4e1197d71a42532 is healthy
26-05-09 14:48:30 [INFO] Instance i-0dce4dad5088a73a2 is healthy
26-05-09 14:48:30 [INFO] Instance i-0f45b2f6566fa75de is healthy
26-05-09 14:48:30 [INFO] Instance i-01ccd399ac001484c is healthy
26-05-09 14:48:30 [INFO] Instance i-0a4e1197d71a42532 is healthy
26-05-09 14:48:41 [INFO] Instance i-0dce4dad5088a73a2 is healthy
26-05-09 14:48:41 [INFO] Instance i-0f45b2f6566fa75de is healthy
26-05-09 14:48:41 [INFO] Instance i-01ccd399ac001484c is healthy
26-05-09 14:48:41 [INFO] Instance i-0a4e1197d71a42532 is healthy
26-05-09 14:48:52 [INFO] Instance i-0dce4dad5088a73a2 is healthy
26-05-09 14:48:52 [INFO] Instance i-0f45b2f6566fa75de is healthy
26-05-09 14:48:52 [INFO] Instance i-01ccd399ac001484c is healthy
26-05-09 14:48:52 [INFO] Instance i-0a4e1197d71a42532 is healthy
26-05-09 14:49:03 [INFO] Instance i-0dce4dad5088a73a2 is healthy
26-05-09 14:49:03 [INFO] Instance i-0f45b2f6566fa75de is healthy
26-05-09 14:49:03 [INFO] Instance i-01ccd399ac001484c is healthy
26-05-09 14:49:04 [INFO] Instance i-0a4e1197d71a42532 is healthy
26-05-09 14:49:15 [INFO] Instance i-0dce4dad5088a73a2 is healthy
26-05-09 14:49:15 [INFO] Instance i-0f45b2f6566fa75de is healthy
26-05-09 14:49:15 [INFO] Instance i-01ccd399ac001484c is healthy
26-05-09 14:49:15 [INFO] Instance i-0a4e1197d71a42532 is healthy
26-05-09 14:49:26 [INFO] Instance i-0dce4dad5088a73a2 is healthy
26-05-09 14:49:26 [INFO] Instance i-0f45b2f6566fa75de is healthy
26-05-09 14:49:26 [INFO] Instance i-01ccd399ac001484c is healthy
26-05-09 14:49:26 [INFO] Instance i-0a4e1197d71a42532 is healthy
26-05-09 14:49:37 [INFO] Instance i-0dce4dad5088a73a2 is healthy
26-05-09 14:49:37 [INFO] Instance i-0f45b2f6566fa75de is healthy
26-05-09 14:49:37 [INFO] Instance i-01ccd399ac001484c is healthy
26-05-09 14:49:37 [INFO] Instance i-0a4e1197d71a42532 is healthy
26-05-09 14:49:48 [INFO] Instance i-0dce4dad5088a73a2 is healthy
26-05-09 14:49:48 [INFO] Instance i-0f45b2f6566fa75de is healthy
26-05-09 14:49:48 [INFO] Instance i-01ccd399ac001484c is healthy
26-05-09 14:49:48 [INFO] Instance i-0a4e1197d71a42532 is healthy
26-05-09 14:49:59 [INFO] Instance i-0dce4dad5088a73a2 is healthy
26-05-09 14:49:59 [INFO] Instance i-0f45b2f6566fa75de is healthy
26-05-09 14:49:59 [INFO] Instance i-01ccd399ac001484c is healthy
26-05-09 14:49:59 [INFO] Instance i-0a4e1197d71a42532 is healthy
26-05-09 14:50:10 [INFO] Instance i-0dce4dad5088a73a2 is healthy
26-05-09 14:50:10 [INFO] Instance i-0f45b2f6566fa75de is healthy
26-05-09 14:50:10 [INFO] Instance i-01ccd399ac001484c is healthy
26-05-09 14:50:10 [INFO] Instance i-0a4e1197d71a42532 is healthy
26-05-09 14:50:21 [INFO] Instance i-0dce4dad5088a73a2 is healthy
26-05-09 14:50:21 [INFO] Instance i-0f45b2f6566fa75de is healthy
26-05-09 14:50:21 [INFO] Instance i-01ccd399ac001484c is healthy
26-05-09 14:50:21 [INFO] Instance i-0a4e1197d71a42532 is healthy
26-05-09 14:50:33 [INFO] Instance i-0dce4dad5088a73a2 is healthy
26-05-09 14:50:33 [INFO] Instance i-0f45b2f6566fa75de is healthy
26-05-09 14:50:33 [INFO] Instance i-01ccd399ac001484c is healthy
26-05-09 14:50:33 [INFO] Instance i-0a4e1197d71a42532 is healthy
26-05-09 14:50:44 [INFO] Instance i-0dce4dad5088a73a2 is healthy
26-05-09 14:50:44 [INFO] Instance i-0f45b2f6566fa75de is healthy
26-05-09 14:50:44 [INFO] Instance i-01ccd399ac001484c is healthy
26-05-09 14:50:44 [INFO] Instance i-0a4e1197d71a42532 is healthy
26-05-09 14:50:55 [INFO] Instance i-0dce4dad5088a73a2 is healthy
26-05-09 14:50:55 [INFO] Instance i-0f45b2f6566fa75de is healthy
26-05-09 14:50:55 [INFO] Instance i-01ccd399ac001484c is healthy
26-05-09 14:50:55 [INFO] Instance i-0a4e1197d71a42532 is healthy
26-05-09 14:51:06 [INFO] Instance i-0dce4dad5088a73a2 is healthy
26-05-09 14:51:06 [INFO] Instance i-0f45b2f6566fa75de is healthy
26-05-09 14:51:06 [INFO] Instance i-01ccd399ac001484c is healthy
26-05-09 14:51:06 [INFO] Instance i-0a4e1197d71a42532 is healthy
26-05-09 14:51:17 [INFO] Instance i-0dce4dad5088a73a2 is healthy
26-05-09 14:51:17 [INFO] Instance i-0f45b2f6566fa75de is healthy
26-05-09 14:51:17 [INFO] Instance i-01ccd399ac001484c is healthy
26-05-09 14:51:17 [INFO] Instance i-0a4e1197d71a42532 is healthy
26-05-09 14:51:29 [INFO] Instance i-0dce4dad5088a73a2 is healthy
26-05-09 14:51:29 [INFO] Instance i-0f45b2f6566fa75de is healthy
26-05-09 14:51:29 [INFO] Instance i-01ccd399ac001484c is healthy
26-05-09 14:51:29 [INFO] Instance i-0a4e1197d71a42532 is healthy
26-05-09 14:51:40 [INFO] Instance i-0dce4dad5088a73a2 is healthy
26-05-09 14:51:40 [INFO] Instance i-0f45b2f6566fa75de is healthy
26-05-09 14:51:40 [INFO] Instance i-01ccd399ac001484c is healthy
26-05-09 14:51:40 [INFO] Instance i-0a4e1197d71a42532 is healthy
26-05-09 14:51:51 [INFO] Instance i-0dce4dad5088a73a2 is healthy
26-05-09 14:51:51 [INFO] Instance i-0f45b2f6566fa75de is healthy
26-05-09 14:51:51 [INFO] Instance i-01ccd399ac001484c is healthy
26-05-09 14:51:51 [INFO] Instance i-0a4e1197d71a42532 is healthy
26-05-09 14:52:02 [INFO] Instance i-0dce4dad5088a73a2 is healthy
26-05-09 14:52:02 [INFO] Instance i-0f45b2f6566fa75de is healthy
26-05-09 14:52:02 [INFO] Instance i-01ccd399ac001484c is healthy
26-05-09 14:52:02 [INFO] Instance i-0a4e1197d71a42532 is healthy
26-05-09 14:52:13 [INFO] Instance i-0dce4dad5088a73a2 is healthy
26-05-09 14:52:13 [INFO] Instance i-0f45b2f6566fa75de is healthy
26-05-09 14:52:13 [INFO] Instance i-01ccd399ac001484c is healthy
26-05-09 14:52:13 [INFO] Instance i-0a4e1197d71a42532 is healthy
26-05-09 14:52:24 [INFO] Instance i-0dce4dad5088a73a2 is healthy
26-05-09 14:52:24 [INFO] Instance i-0f45b2f6566fa75de is healthy
26-05-09 14:52:24 [INFO] Instance i-01ccd399ac001484c is healthy
26-05-09 14:52:24 [INFO] Instance i-0a4e1197d71a42532 is healthy
26-05-09 14:52:35 [INFO] Instance i-0dce4dad5088a73a2 is healthy
26-05-09 14:52:35 [INFO] Instance i-0f45b2f6566fa75de is healthy
26-05-09 14:52:35 [INFO] Instance i-01ccd399ac001484c is healthy
26-05-09 14:52:35 [INFO] Instance i-0a4e1197d71a42532 is healthy
26-05-09 14:52:47 [INFO] Instance i-0dce4dad5088a73a2 is healthy
26-05-09 14:52:47 [INFO] Instance i-0f45b2f6566fa75de is healthy
26-05-09 14:52:47 [INFO] Instance i-01ccd399ac001484c is healthy
26-05-09 14:52:47 [INFO] Instance i-0a4e1197d71a42532 is healthy
26-05-09 14:52:58 [INFO] Instance i-0dce4dad5088a73a2 is healthy
26-05-09 14:52:58 [INFO] Instance i-0f45b2f6566fa75de is healthy
26-05-09 14:52:58 [INFO] Instance i-01ccd399ac001484c is healthy
26-05-09 14:52:58 [INFO] Instance i-0a4e1197d71a42532 is healthy
26-05-09 14:53:09 [INFO] Instance i-0dce4dad5088a73a2 is healthy
26-05-09 14:53:09 [INFO] Instance i-0f45b2f6566fa75de is healthy
26-05-09 14:53:09 [INFO] Instance i-01ccd399ac001484c is healthy
26-05-09 14:53:09 [INFO] Instance i-0a4e1197d71a42532 is healthy
26-05-09 14:53:20 [INFO] Instance i-0dce4dad5088a73a2 is healthy
26-05-09 14:53:20 [INFO] Instance i-0f45b2f6566fa75de is healthy
26-05-09 14:53:20 [INFO] Instance i-01ccd399ac001484c is healthy
26-05-09 14:53:20 [INFO] Instance i-0a4e1197d71a42532 is healthy
26-05-09 14:53:31 [INFO] Instance i-0dce4dad5088a73a2 is healthy
26-05-09 14:53:31 [INFO] Instance i-0f45b2f6566fa75de is healthy
26-05-09 14:53:31 [INFO] Instance i-01ccd399ac001484c is healthy
26-05-09 14:53:31 [INFO] Instance i-0a4e1197d71a42532 is healthy
26-05-09 14:53:42 [INFO] Instance i-0dce4dad5088a73a2 is healthy
26-05-09 14:53:42 [INFO] Instance i-0f45b2f6566fa75de is healthy
26-05-09 14:53:42 [INFO] Instance i-01ccd399ac001484c is healthy
26-05-09 14:53:42 [INFO] Instance i-0a4e1197d71a42532 is healthy
26-05-09 14:53:53 [INFO] Instance i-0dce4dad5088a73a2 is healthy
26-05-09 14:53:53 [INFO] Instance i-0f45b2f6566fa75de is healthy
26-05-09 14:53:53 [INFO] Instance i-01ccd399ac001484c is healthy
26-05-09 14:53:53 [INFO] Instance i-0a4e1197d71a42532 is healthy
26-05-09 14:54:05 [INFO] Instance i-0dce4dad5088a73a2 is healthy
26-05-09 14:54:05 [INFO] Instance i-0f45b2f6566fa75de is healthy
26-05-09 14:54:05 [INFO] Instance i-01ccd399ac001484c is healthy
26-05-09 14:54:05 [INFO] Instance i-0a4e1197d71a42532 is healthy
26-05-09 14:54:16 [INFO] Instance i-0dce4dad5088a73a2 is healthy
26-05-09 14:54:16 [INFO] Instance i-0f45b2f6566fa75de is healthy
26-05-09 14:54:16 [INFO] Instance i-01ccd399ac001484c is healthy
26-05-09 14:54:16 [INFO] Instance i-0a4e1197d71a42532 is healthy
26-05-09 14:54:27 [INFO] Instance i-0dce4dad5088a73a2 is healthy
26-05-09 14:54:27 [INFO] Instance i-0f45b2f6566fa75de is healthy
26-05-09 14:54:27 [INFO] Instance i-01ccd399ac001484c is healthy
26-05-09 14:54:27 [INFO] Instance i-0a4e1197d71a42532 is healthy
26-05-09 14:54:38 [INFO] Instance i-0dce4dad5088a73a2 is healthy
26-05-09 14:54:38 [INFO] Instance i-0f45b2f6566fa75de is healthy
26-05-09 14:54:38 [INFO] Instance i-01ccd399ac001484c is healthy
26-05-09 14:54:38 [INFO] Instance i-0a4e1197d71a42532 is healthy
26-05-09 14:54:49 [INFO] Instance i-0dce4dad5088a73a2 is healthy
26-05-09 14:54:49 [INFO] Instance i-0f45b2f6566fa75de is healthy
26-05-09 14:54:49 [INFO] Instance i-01ccd399ac001484c is healthy
26-05-09 14:54:49 [INFO] Instance i-0a4e1197d71a42532 is healthy
26-05-09 14:55:00 [INFO] Instance i-0dce4dad5088a73a2 is healthy
26-05-09 14:55:00 [INFO] Instance i-0f45b2f6566fa75de is healthy
26-05-09 14:55:00 [INFO] Instance i-01ccd399ac001484c is healthy
26-05-09 14:55:00 [INFO] Instance i-0a4e1197d71a42532 is healthy
26-05-09 14:55:11 [INFO] Instance i-0dce4dad5088a73a2 is healthy
26-05-09 14:55:11 [INFO] Instance i-0f45b2f6566fa75de is healthy
26-05-09 14:55:11 [INFO] Instance i-01ccd399ac001484c is healthy
26-05-09 14:55:11 [INFO] Instance i-0a4e1197d71a42532 is healthy
26-05-09 14:55:23 [INFO] Instance i-0dce4dad5088a73a2 is healthy
26-05-09 14:55:23 [INFO] Instance i-0f45b2f6566fa75de is healthy
26-05-09 14:55:23 [INFO] Instance i-01ccd399ac001484c is healthy
26-05-09 14:55:23 [INFO] Instance i-0a4e1197d71a42532 is healthy
26-05-09 14:55:34 [INFO] Instance i-0dce4dad5088a73a2 is healthy
26-05-09 14:55:34 [INFO] Instance i-0f45b2f6566fa75de is healthy
26-05-09 14:55:34 [INFO] Instance i-01ccd399ac001484c is healthy
26-05-09 14:55:34 [INFO] Instance i-0a4e1197d71a42532 is healthy
26-05-09 14:55:45 [INFO] Instance i-0dce4dad5088a73a2 is healthy
26-05-09 14:55:45 [INFO] Instance i-0f45b2f6566fa75de is healthy
26-05-09 14:55:45 [INFO] Instance i-01ccd399ac001484c is healthy
26-05-09 14:55:45 [INFO] Instance i-0a4e1197d71a42532 is healthy
26-05-09 14:55:56 [INFO] Instance i-0dce4dad5088a73a2 is healthy
26-05-09 14:55:56 [INFO] Instance i-0f45b2f6566fa75de is healthy
26-05-09 14:55:56 [INFO] Instance i-01ccd399ac001484c is healthy
26-05-09 14:55:56 [INFO] Instance i-0a4e1197d71a42532 is healthy
26-05-09 14:56:07 [INFO] Instance i-0dce4dad5088a73a2 is healthy
26-05-09 14:56:07 [INFO] Instance i-0f45b2f6566fa75de is healthy
26-05-09 14:56:07 [INFO] Instance i-01ccd399ac001484c is healthy
26-05-09 14:56:07 [INFO] Instance i-0a4e1197d71a42532 is healthy
26-05-09 14:56:18 [INFO] Instance i-0dce4dad5088a73a2 is healthy
26-05-09 14:56:18 [INFO] Instance i-0f45b2f6566fa75de is healthy
26-05-09 14:56:18 [INFO] Instance i-01ccd399ac001484c is healthy
26-05-09 14:56:18 [INFO] Instance i-0a4e1197d71a42532 is healthy
26-05-09 14:56:29 [INFO] Instance i-0dce4dad5088a73a2 is healthy
26-05-09 14:56:29 [INFO] Instance i-0f45b2f6566fa75de is healthy
26-05-09 14:56:30 [INFO] Instance i-01ccd399ac001484c is healthy
26-05-09 14:56:30 [INFO] Instance i-0a4e1197d71a42532 is healthy
26-05-09 14:56:41 [INFO] Instance i-0dce4dad5088a73a2 is healthy
26-05-09 14:56:41 [INFO] Instance i-0f45b2f6566fa75de is healthy
26-05-09 14:56:41 [INFO] Instance i-01ccd399ac001484c is healthy
26-05-09 14:56:41 [INFO] Instance i-0a4e1197d71a42532 is healthy
26-05-09 14:56:52 [INFO] Instance i-0dce4dad5088a73a2 is healthy
26-05-09 14:56:52 [INFO] Instance i-0f45b2f6566fa75de is healthy
26-05-09 14:56:52 [INFO] Instance i-01ccd399ac001484c is healthy
26-05-09 14:56:52 [INFO] Instance i-0a4e1197d71a42532 is healthy
26-05-09 14:57:03 [INFO] Instance i-0dce4dad5088a73a2 is healthy
26-05-09 14:57:03 [INFO] Instance i-0f45b2f6566fa75de is healthy
26-05-09 14:57:03 [INFO] Instance i-01ccd399ac001484c is healthy
26-05-09 14:57:03 [INFO] Instance i-0a4e1197d71a42532 is healthy
26-05-09 14:57:14 [INFO] Instance i-0dce4dad5088a73a2 is healthy
26-05-09 14:57:14 [INFO] Instance i-0f45b2f6566fa75de is healthy
26-05-09 14:57:14 [INFO] Instance i-01ccd399ac001484c is healthy
26-05-09 14:57:14 [INFO] Instance i-0a4e1197d71a42532 is healthy
26-05-09 14:57:25 [INFO] Instance i-0dce4dad5088a73a2 is healthy
26-05-09 14:57:25 [INFO] Instance i-0f45b2f6566fa75de is healthy
26-05-09 14:57:25 [INFO] Instance i-01ccd399ac001484c is healthy
26-05-09 14:57:25 [INFO] Instance i-0a4e1197d71a42532 is healthy
26-05-09 14:57:37 [INFO] Instance i-0dce4dad5088a73a2 is healthy
26-05-09 14:57:37 [INFO] Instance i-0f45b2f6566fa75de is healthy
26-05-09 14:57:37 [INFO] Instance i-01ccd399ac001484c is healthy
26-05-09 14:57:37 [INFO] Instance i-0a4e1197d71a42532 is healthy
26-05-09 14:57:48 [INFO] Instance i-0dce4dad5088a73a2 is healthy
26-05-09 14:57:48 [INFO] Instance i-0f45b2f6566fa75de is healthy
26-05-09 14:57:48 [INFO] Instance i-01ccd399ac001484c is healthy
26-05-09 14:57:48 [INFO] Instance i-0a4e1197d71a42532 is healthy
26-05-09 14:57:59 [INFO] Instance i-0dce4dad5088a73a2 is healthy
26-05-09 14:57:59 [INFO] Instance i-0f45b2f6566fa75de is healthy
26-05-09 14:57:59 [INFO] Instance i-01ccd399ac001484c is healthy
26-05-09 14:57:59 [INFO] Instance i-0a4e1197d71a42532 is healthy
26-05-09 14:58:10 [INFO] Instance i-0dce4dad5088a73a2 is healthy
26-05-09 14:58:10 [INFO] Instance i-0f45b2f6566fa75de is healthy
26-05-09 14:58:10 [INFO] Instance i-01ccd399ac001484c is healthy
26-05-09 14:58:10 [INFO] Instance i-0a4e1197d71a42532 is healthy
26-05-09 14:58:21 [INFO] Instance i-0dce4dad5088a73a2 is healthy
26-05-09 14:58:21 [INFO] Instance i-0f45b2f6566fa75de is healthy
26-05-09 14:58:21 [INFO] Instance i-01ccd399ac001484c is healthy
26-05-09 14:58:21 [INFO] Instance i-0a4e1197d71a42532 is healthy
26-05-09 14:58:32 [INFO] Instance i-0dce4dad5088a73a2 is healthy
26-05-09 14:58:32 [INFO] Instance i-0f45b2f6566fa75de is healthy
26-05-09 14:58:32 [INFO] Instance i-01ccd399ac001484c is healthy
26-05-09 14:58:32 [INFO] Instance i-0a4e1197d71a42532 is healthy
26-05-09 14:58:43 [INFO] Instance i-0dce4dad5088a73a2 is healthy
26-05-09 14:58:43 [INFO] Instance i-0f45b2f6566fa75de is healthy
26-05-09 14:58:43 [INFO] Instance i-01ccd399ac001484c is healthy
26-05-09 14:58:43 [INFO] Instance i-0a4e1197d71a42532 is healthy
26-05-09 14:58:55 [INFO] Instance i-0dce4dad5088a73a2 is healthy
26-05-09 14:58:55 [INFO] Instance i-0f45b2f6566fa75de is healthy
26-05-09 14:58:55 [INFO] Instance i-01ccd399ac001484c is healthy
26-05-09 14:58:55 [INFO] Instance i-0a4e1197d71a42532 is healthy
26-05-09 14:59:06 [INFO] Instance i-0dce4dad5088a73a2 is healthy
26-05-09 14:59:06 [INFO] Instance i-0f45b2f6566fa75de is healthy
26-05-09 14:59:06 [INFO] Instance i-01ccd399ac001484c is healthy
26-05-09 14:59:06 [INFO] Instance i-0a4e1197d71a42532 is healthy
26-05-09 14:59:17 [INFO] Instance i-0dce4dad5088a73a2 is healthy
26-05-09 14:59:17 [INFO] Instance i-0f45b2f6566fa75de is healthy
26-05-09 14:59:17 [INFO] Instance i-01ccd399ac001484c is healthy
26-05-09 14:59:17 [INFO] Instance i-0a4e1197d71a42532 is healthy
26-05-09 14:59:28 [INFO] Instance i-0dce4dad5088a73a2 is healthy
26-05-09 14:59:28 [INFO] Instance i-0f45b2f6566fa75de is healthy
26-05-09 14:59:28 [INFO] Instance i-01ccd399ac001484c is healthy
26-05-09 14:59:28 [INFO] Instance i-0a4e1197d71a42532 is healthy
26-05-09 14:59:39 [INFO] Instance i-0dce4dad5088a73a2 is healthy
26-05-09 14:59:39 [INFO] Instance i-0f45b2f6566fa75de is healthy
26-05-09 14:59:39 [INFO] Instance i-01ccd399ac001484c is healthy
26-05-09 14:59:39 [INFO] Instance i-0a4e1197d71a42532 is healthy
26-05-09 14:59:50 [INFO] Instance i-0dce4dad5088a73a2 is healthy
26-05-09 14:59:50 [INFO] Instance i-0f45b2f6566fa75de is healthy
26-05-09 14:59:50 [INFO] Instance i-01ccd399ac001484c is healthy
26-05-09 14:59:50 [INFO] Instance i-0a4e1197d71a42532 is healthy
26-05-09 15:00:01 [INFO] Instance i-0dce4dad5088a73a2 is healthy
26-05-09 15:00:01 [INFO] Instance i-0f45b2f6566fa75de is healthy
26-05-09 15:00:01 [INFO] Instance i-01ccd399ac001484c is healthy
26-05-09 15:00:01 [INFO] Instance i-0a4e1197d71a42532 is healthy
26-05-09 15:00:13 [INFO] Instance i-0dce4dad5088a73a2 is healthy
26-05-09 15:00:13 [INFO] Instance i-0f45b2f6566fa75de is healthy
26-05-09 15:00:13 [INFO] Instance i-01ccd399ac001484c is healthy
26-05-09 15:00:13 [INFO] Instance i-0a4e1197d71a42532 is healthy
26-05-09 15:00:24 [INFO] Instance i-0dce4dad5088a73a2 is healthy
26-05-09 15:00:24 [INFO] Instance i-0f45b2f6566fa75de is healthy
26-05-09 15:00:24 [INFO] Instance i-01ccd399ac001484c is healthy
26-05-09 15:00:24 [INFO] Instance i-0a4e1197d71a42532 is healthy
26-05-09 15:00:35 [INFO] Instance i-0dce4dad5088a73a2 is healthy
26-05-09 15:00:35 [INFO] Instance i-0f45b2f6566fa75de is healthy
26-05-09 15:00:35 [INFO] Instance i-01ccd399ac001484c is healthy
26-05-09 15:00:35 [INFO] Instance i-0a4e1197d71a42532 is healthy
26-05-09 15:00:46 [INFO] Instance i-0dce4dad5088a73a2 is healthy
26-05-09 15:00:46 [INFO] Instance i-0f45b2f6566fa75de is healthy
26-05-09 15:00:46 [INFO] Instance i-01ccd399ac001484c is healthy
26-05-09 15:00:46 [INFO] Instance i-0a4e1197d71a42532 is healthy
26-05-09 15:00:57 [INFO] Instance i-0dce4dad5088a73a2 is healthy
26-05-09 15:00:57 [INFO] Instance i-0f45b2f6566fa75de is healthy
26-05-09 15:00:57 [INFO] Instance i-01ccd399ac001484c is healthy
26-05-09 15:00:57 [INFO] Instance i-0a4e1197d71a42532 is healthy
26-05-09 15:01:08 [INFO] Instance i-0dce4dad5088a73a2 is healthy
26-05-09 15:01:08 [INFO] Instance i-0f45b2f6566fa75de is healthy
26-05-09 15:01:08 [INFO] Instance i-01ccd399ac001484c is healthy
26-05-09 15:01:08 [INFO] Instance i-0a4e1197d71a42532 is healthy
26-05-09 15:01:20 [INFO] Instance i-0dce4dad5088a73a2 is healthy
26-05-09 15:01:20 [INFO] Instance i-0f45b2f6566fa75de is healthy
26-05-09 15:01:20 [INFO] Instance i-01ccd399ac001484c is healthy
26-05-09 15:01:20 [INFO] Instance i-0a4e1197d71a42532 is healthy
26-05-09 15:01:31 [INFO] Instance i-0dce4dad5088a73a2 is healthy
26-05-09 15:01:31 [INFO] Instance i-0f45b2f6566fa75de is healthy
26-05-09 15:01:31 [INFO] Instance i-01ccd399ac001484c is healthy
26-05-09 15:01:31 [INFO] Instance i-0a4e1197d71a42532 is healthy
26-05-09 15:01:42 [INFO] Instance i-0dce4dad5088a73a2 is healthy
26-05-09 15:01:42 [INFO] Instance i-0f45b2f6566fa75de is healthy
26-05-09 15:01:42 [INFO] Instance i-01ccd399ac001484c is healthy
26-05-09 15:01:42 [INFO] Instance i-0a4e1197d71a42532 is healthy
26-05-09 15:01:53 [INFO] Instance i-0dce4dad5088a73a2 is healthy
26-05-09 15:01:53 [INFO] Instance i-0f45b2f6566fa75de is healthy
26-05-09 15:01:53 [INFO] Instance i-01ccd399ac001484c is healthy
26-05-09 15:01:53 [INFO] Instance i-0a4e1197d71a42532 is healthy
26-05-09 15:02:04 [INFO] Instance i-0dce4dad5088a73a2 is healthy
26-05-09 15:02:04 [INFO] Instance i-0f45b2f6566fa75de is healthy
26-05-09 15:02:04 [INFO] Instance i-01ccd399ac001484c is healthy
26-05-09 15:02:04 [INFO] Instance i-0a4e1197d71a42532 is healthy
26-05-09 15:02:15 [INFO] Instance i-0dce4dad5088a73a2 is healthy
26-05-09 15:02:15 [INFO] Instance i-0f45b2f6566fa75de is healthy
26-05-09 15:02:15 [INFO] Instance i-01ccd399ac001484c is healthy
26-05-09 15:02:15 [INFO] Instance i-0a4e1197d71a42532 is healthy
26-05-09 15:02:26 [INFO] Instance i-0dce4dad5088a73a2 is healthy
26-05-09 15:02:26 [INFO] Instance i-0f45b2f6566fa75de is healthy
26-05-09 15:02:27 [INFO] Instance i-01ccd399ac001484c is healthy
26-05-09 15:02:27 [INFO] Instance i-0a4e1197d71a42532 is healthy
26-05-09 15:02:38 [INFO] Instance i-0dce4dad5088a73a2 is healthy
26-05-09 15:02:38 [INFO] Instance i-0f45b2f6566fa75de is healthy
26-05-09 15:02:38 [INFO] Instance i-01ccd399ac001484c is healthy
26-05-09 15:02:38 [INFO] Instance i-0a4e1197d71a42532 is healthy
26-05-09 15:02:49 [INFO] Instance i-0dce4dad5088a73a2 is healthy
26-05-09 15:02:49 [INFO] Instance i-0f45b2f6566fa75de is healthy
26-05-09 15:02:49 [INFO] Instance i-01ccd399ac001484c is healthy
26-05-09 15:02:49 [INFO] Instance i-0a4e1197d71a42532 is healthy
26-05-09 15:03:00 [INFO] Instance i-0dce4dad5088a73a2 is healthy
26-05-09 15:03:00 [INFO] Instance i-0f45b2f6566fa75de is healthy
26-05-09 15:03:00 [INFO] Instance i-01ccd399ac001484c is healthy
26-05-09 15:03:00 [INFO] Instance i-0a4e1197d71a42532 is healthy
26-05-09 15:03:11 [INFO] Instance i-0dce4dad5088a73a2 is healthy
26-05-09 15:03:11 [INFO] Instance i-0f45b2f6566fa75de is healthy
26-05-09 15:03:11 [INFO] Instance i-01ccd399ac001484c is healthy
26-05-09 15:03:11 [INFO] Instance i-0a4e1197d71a42532 is healthy
26-05-09 15:03:22 [INFO] Instance i-0dce4dad5088a73a2 is healthy
26-05-09 15:03:22 [INFO] Instance i-0f45b2f6566fa75de is healthy
26-05-09 15:03:22 [INFO] Instance i-01ccd399ac001484c is healthy
26-05-09 15:03:22 [INFO] Instance i-0a4e1197d71a42532 is healthy
26-05-09 15:03:33 [INFO] Instance i-0dce4dad5088a73a2 is healthy
26-05-09 15:03:33 [INFO] Instance i-0f45b2f6566fa75de is healthy
26-05-09 15:03:33 [INFO] Instance i-01ccd399ac001484c is healthy
26-05-09 15:03:33 [INFO] Instance i-0a4e1197d71a42532 is healthy
26-05-09 15:03:45 [INFO] Instance i-0dce4dad5088a73a2 is healthy
26-05-09 15:03:45 [INFO] Instance i-0f45b2f6566fa75de is healthy
26-05-09 15:03:45 [INFO] Instance i-01ccd399ac001484c is healthy
26-05-09 15:03:45 [INFO] Instance i-0a4e1197d71a42532 is healthy
26-05-09 15:03:56 [INFO] Instance i-0dce4dad5088a73a2 is healthy
26-05-09 15:03:56 [INFO] Instance i-0f45b2f6566fa75de is healthy
26-05-09 15:03:56 [INFO] Instance i-01ccd399ac001484c is healthy
26-05-09 15:03:56 [INFO] Instance i-0a4e1197d71a42532 is healthy
26-05-09 15:04:07 [INFO] Instance i-0dce4dad5088a73a2 is healthy
26-05-09 15:04:07 [INFO] Instance i-0f45b2f6566fa75de is healthy
26-05-09 15:04:07 [INFO] Instance i-01ccd399ac001484c is healthy
26-05-09 15:04:07 [INFO] Instance i-0a4e1197d71a42532 is healthy
26-05-09 15:04:18 [INFO] Instance i-0dce4dad5088a73a2 is healthy
26-05-09 15:04:18 [INFO] Instance i-0f45b2f6566fa75de is healthy
26-05-09 15:04:18 [INFO] Instance i-01ccd399ac001484c is healthy
26-05-09 15:04:18 [INFO] Instance i-0a4e1197d71a42532 is healthy
26-05-09 15:04:29 [INFO] Instance i-0dce4dad5088a73a2 is healthy
26-05-09 15:04:29 [INFO] Instance i-0f45b2f6566fa75de is healthy
26-05-09 15:04:29 [INFO] Instance i-01ccd399ac001484c is healthy
26-05-09 15:04:29 [INFO] Instance i-0a4e1197d71a42532 is healthy
26-05-09 15:04:40 [INFO] Instance i-0dce4dad5088a73a2 is healthy
26-05-09 15:04:40 [INFO] Instance i-0f45b2f6566fa75de is healthy
26-05-09 15:04:40 [INFO] Instance i-01ccd399ac001484c is healthy
26-05-09 15:04:40 [INFO] Instance i-0a4e1197d71a42532 is healthy
26-05-09 15:04:52 [INFO] Instance i-0dce4dad5088a73a2 is healthy
26-05-09 15:04:52 [INFO] Instance i-0f45b2f6566fa75de is healthy
26-05-09 15:04:52 [INFO] Instance i-01ccd399ac001484c is healthy
26-05-09 15:04:52 [INFO] Instance i-0a4e1197d71a42532 is healthy
26-05-09 15:05:03 [INFO] Instance i-0dce4dad5088a73a2 is healthy
26-05-09 15:05:03 [INFO] Instance i-0f45b2f6566fa75de is healthy
26-05-09 15:05:03 [INFO] Instance i-01ccd399ac001484c is healthy
26-05-09 15:05:03 [INFO] Instance i-0a4e1197d71a42532 is healthy
26-05-09 15:05:14 [INFO] Instance i-0dce4dad5088a73a2 is healthy
26-05-09 15:05:14 [INFO] Instance i-0f45b2f6566fa75de is healthy
26-05-09 15:05:14 [INFO] Instance i-01ccd399ac001484c is healthy
26-05-09 15:05:14 [INFO] Instance i-0a4e1197d71a42532 is healthy
26-05-09 15:05:25 [INFO] Instance i-0dce4dad5088a73a2 is healthy
26-05-09 15:05:25 [INFO] Instance i-0f45b2f6566fa75de is healthy
26-05-09 15:05:25 [INFO] Instance i-01ccd399ac001484c is healthy
26-05-09 15:05:25 [INFO] Instance i-0a4e1197d71a42532 is healthy
26-05-09 15:05:37 [INFO] Instance i-0dce4dad5088a73a2 is healthy
26-05-09 15:05:37 [INFO] Instance i-0f45b2f6566fa75de is healthy
26-05-09 15:05:37 [INFO] Instance i-01ccd399ac001484c is healthy
26-05-09 15:05:37 [INFO] Instance i-0a4e1197d71a42532 is healthy
26-05-09 15:05:48 [INFO] Instance i-0dce4dad5088a73a2 is healthy
26-05-09 15:05:48 [INFO] Instance i-0f45b2f6566fa75de is healthy
26-05-09 15:05:48 [INFO] Instance i-01ccd399ac001484c is healthy
26-05-09 15:05:48 [INFO] Instance i-0a4e1197d71a42532 is healthy
26-05-09 15:06:00 [INFO] Instance i-0dce4dad5088a73a2 is healthy
26-05-09 15:06:00 [INFO] Instance i-0f45b2f6566fa75de is healthy
26-05-09 15:06:00 [INFO] Instance i-01ccd399ac001484c is healthy
26-05-09 15:06:00 [INFO] Instance i-0a4e1197d71a42532 is healthy
26-05-09 15:06:11 [INFO] Instance i-0dce4dad5088a73a2 is healthy
26-05-09 15:06:11 [INFO] Instance i-0f45b2f6566fa75de is healthy
26-05-09 15:06:11 [INFO] Instance i-01ccd399ac001484c is healthy
26-05-09 15:06:11 [INFO] Instance i-0a4e1197d71a42532 is healthy
26-05-09 15:11:49 [INFO] Instance i-0dce4dad5088a73a2 is healthy
26-05-09 15:11:49 [INFO] Instance i-0f45b2f6566fa75de is healthy
26-05-09 15:11:49 [INFO] Instance i-01ccd399ac001484c is healthy
26-05-09 15:11:49 [INFO] Instance i-0a4e1197d71a42532 is healthy
26-05-09 15:11:59 [ERROR] Interupt by the user 
26-05-09 15:15:53 [INFO] Instance i-0dce4dad5088a73a2 is currenly stopping
26-05-09 15:15:53 [INFO] Instance i-0f45b2f6566fa75de is currenly stopping
26-05-09 15:15:53 [INFO] Instance i-01ccd399ac001484c is currenly stopping
26-05-09 15:15:53 [INFO] Instance i-0a4e1197d71a42532 is currenly stopping
26-05-09 15:16:05 [INFO] Instance i-0dce4dad5088a73a2 is stopped
26-05-09 15:16:19 [INFO] Instance i-0dce4dad5088a73a2 Started
26-05-09 15:16:19 [INFO] Instance i-0f45b2f6566fa75de is currenly stopping
26-05-09 15:16:19 [INFO] Instance i-01ccd399ac001484c is currenly stopping
26-05-09 15:16:19 [INFO] Instance i-0a4e1197d71a42532 is stopped
26-05-09 15:16:33 [INFO] Instance i-0a4e1197d71a42532 Started
26-05-09 15:16:44 [INFO] Instance i-0dce4dad5088a73a2 is healthy
26-05-09 15:16:44 [INFO] Instance i-0f45b2f6566fa75de is stopped
26-05-09 15:16:58 [INFO] Instance i-0f45b2f6566fa75de Started
26-05-09 15:16:58 [INFO] Instance i-01ccd399ac001484c is stopped
26-05-09 15:17:13 [INFO] Instance i-01ccd399ac001484c Started
26-05-09 15:17:13 [INFO] Instance i-0a4e1197d71a42532 is healthy
26-05-09 15:17:24 [INFO] Instance i-0dce4dad5088a73a2 is healthy
26-05-09 15:17:24 [INFO] Instance i-0f45b2f6566fa75de is healthy
26-05-09 15:17:24 [INFO] Instance i-01ccd399ac001484c is healthy
26-05-09 15:17:24 [INFO] Instance i-0a4e1197d71a42532 is healthy
26-05-09 15:17:27 [ERROR] Interupt by the user 
26-05-09 15:44:17 [ERROR] Interupt by the user 
26-05-09 15:45:16 [ERROR] Interupt by the user 
26-05-09 15:46:02 [ERROR] Interupt by the user 
26-05-09 16:37:07 [INFO] Instance i-072d71a2d5075eea2 is healthy
26-05-09 16:37:11 [ERROR] Interupt by the user 
26-05-09 16:37:28 [INFO] Instance i-072d71a2d5075eea2 is healthy
26-05-09 16:37:39 [INFO] Instance i-072d71a2d5075eea2 is healthy
26-05-09 16:37:50 [INFO] Instance i-072d71a2d5075eea2 is healthy
26-05-09 16:38:01 [INFO] Instance i-072d71a2d5075eea2 is healthy
26-05-09 16:38:12 [INFO] Instance i-072d71a2d5075eea2 is healthy
26-05-09 16:38:23 [INFO] Instance i-072d71a2d5075eea2 is healthy
26-05-09 16:38:35 [INFO] Instance i-072d71a2d5075eea2 is healthy
26-05-09 16:38:46 [INFO] Instance i-072d71a2d5075eea2 is healthy
26-05-09 16:38:57 [INFO] Instance i-072d71a2d5075eea2 is healthy
26-05-09 16:39:08 [INFO] Instance i-072d71a2d5075eea2 is healthy
26-05-09 16:39:08 [INFO] Instance i-083873df7e5f66845 is healthy
26-05-09 16:39:19 [INFO] Instance i-072d71a2d5075eea2 is healthy
26-05-09 16:39:19 [INFO] Instance i-083873df7e5f66845 is healthy
26-05-09 16:39:30 [INFO] Instance i-072d71a2d5075eea2 is healthy
26-05-09 16:39:30 [INFO] Instance i-083873df7e5f66845 is healthy
26-05-09 16:39:41 [INFO] Instance i-072d71a2d5075eea2 is healthy
26-05-09 16:39:41 [INFO] Instance i-083873df7e5f66845 is healthy
26-05-09 16:39:52 [INFO] Instance i-072d71a2d5075eea2 is healthy
26-05-09 16:39:52 [INFO] Instance i-083873df7e5f66845 is healthy
26-05-09 16:40:03 [INFO] Instance i-072d71a2d5075eea2 is healthy
26-05-09 16:40:03 [INFO] Instance i-083873df7e5f66845 is healthy
26-05-09 16:40:15 [INFO] Instance i-072d71a2d5075eea2 is healthy
26-05-09 16:40:15 [INFO] Instance i-083873df7e5f66845 is healthy
26-05-09 16:40:26 [INFO] Instance i-072d71a2d5075eea2 is healthy
26-05-09 16:40:26 [INFO] Instance i-083873df7e5f66845 is healthy
26-05-09 16:40:37 [INFO] Instance i-072d71a2d5075eea2 is currenly stopping
26-05-09 16:40:37 [INFO] Instance i-083873df7e5f66845 is currenly stopping
26-05-09 16:40:48 [INFO] Instance i-072d71a2d5075eea2 is stopped
26-05-09 16:41:02 [ERROR] Issue with starting this ec2 i-072d71a2d5075eea2 ,need internal lookup
26-05-09 16:41:02 [INFO] Instance i-083873df7e5f66845 is stopped
26-05-09 16:41:16 [INFO] Instance i-083873df7e5f66845 Started
26-05-09 16:41:27 [INFO] Instance i-072d71a2d5075eea2 is healthy
26-05-09 16:41:27 [INFO] Instance i-083873df7e5f66845 is healthy
26-05-09 16:41:38 [INFO] Instance i-072d71a2d5075eea2 is healthy
26-05-09 16:41:38 [INFO] Instance i-083873df7e5f66845 is healthy
26-05-09 16:41:49 [INFO] Instance i-072d71a2d5075eea2 is healthy
26-05-09 16:41:49 [INFO] Instance i-083873df7e5f66845 is healthy
26-05-09 16:42:00 [INFO] Instance i-072d71a2d5075eea2 is healthy
26-05-09 16:42:00 [INFO] Instance i-083873df7e5f66845 is healthy
26-05-09 16:42:11 [INFO] Instance i-072d71a2d5075eea2 is healthy
26-05-09 16:42:11 [INFO] Instance i-083873df7e5f66845 is healthy
26-05-09 16:42:22 [INFO] Instance i-072d71a2d5075eea2 is healthy
26-05-09 16:42:22 [INFO] Instance i-083873df7e5f66845 is healthy
26-05-09 16:42:33 [INFO] Instance i-072d71a2d5075eea2 is healthy
26-05-09 16:42:33 [INFO] Instance i-083873df7e5f66845 is healthy
26-05-09 16:42:45 [INFO] Instance i-072d71a2d5075eea2 is healthy
26-05-09 16:42:45 [INFO] Instance i-083873df7e5f66845 is healthy
26-05-09 16:42:56 [INFO] Instance i-072d71a2d5075eea2 is healthy
26-05-09 16:42:56 [INFO] Instance i-083873df7e5f66845 is healthy
26-05-09 16:43:07 [INFO] Instance i-072d71a2d5075eea2 is healthy
26-05-09 16:43:07 [INFO] Instance i-083873df7e5f66845 is healthy
26-05-09 16:43:18 [INFO] Instance i-072d71a2d5075eea2 is healthy
26-05-09 16:43:18 [INFO] Instance i-083873df7e5f66845 is healthy
26-05-09 16:43:29 [INFO] Instance i-072d71a2d5075eea2 is healthy
26-05-09 16:43:29 [INFO] Instance i-083873df7e5f66845 is healthy
26-05-09 16:43:32 [ERROR] Interupt by the user 
26-05-11 12:58:09 [INFO] Instance i-03aaf966d85844c9b is healthy
26-05-11 12:58:21 [INFO] Instance i-03aaf966d85844c9b is healthy
26-05-11 12:58:32 [INFO] Instance i-03aaf966d85844c9b is healthy
26-05-11 12:58:44 [INFO] Instance i-03aaf966d85844c9b is currenly stopping
26-05-11 12:58:55 [INFO] Instance i-03aaf966d85844c9b is currenly stopping
26-05-11 12:59:07 [INFO] Instance i-03aaf966d85844c9b is stopped
26-05-11 12:59:32 [INFO] Instance i-03aaf966d85844c9b Started
26-05-11 12:59:43 [INFO] Instance i-03aaf966d85844c9b is healthy
26-05-11 12:59:47 [ERROR] Interupt by the user 
